text_prediction,name_prediction,status/day,favorite/day,gender
0.934461,0.5,93.84658385,0,male
0.425923,0.99,7.314369789,0.04610103,male
0.406813,1,0.565753003,0.315060055,male
0.229622,0.02,36.56668923,42.788761,female
0.00734803,0.5,10.72696705,6.4667115,female
0.500246,0.83,16.51354535,5.680015705,female
0.0935158,0.85,6.943442623,0.716393443,female
0.648435,0.99,0.035279025,0.00192431,male
0.023803,0.92,0.015732547,0,male
0.40607,0.02,11.44021164,23.66666667,female
0.220541,0.5,0.406996587,0.328498294,female
0.230369,0.5,1.033539732,1.132094943,male
0.5,0.99,1.332943925,0.154984424,male
0.1501,0.04,0.160278746,2.341463415,female
0.934487,0.91,19.14336373,0.067375887,male
0.0938714,0.5,26.73543689,0.619842233,female
0.187684,1,5.560207824,5.473716381,male
1.54E-04,0.73,9.235729713,0.016661524,male
0.628675,0.87,2.825127334,0.484436899,male
0.14545,0.94,27.82686287,0.029430182,male
0.373167,0.02,0.777910092,0.256623995,female
0.244103,0.93,3.475499093,0.023593466,male
0.32699,0.99,3.934367542,0.00318218,male
0.392698,0.9,14.52857499,0.421013227,male
0.11233,0.16,6.196036191,5.510986644,female
0.0885424,0.5,4.086656819,8.560807484,female
0.800508,0.99,5.874573702,1.787798408,male
0.105297,0.38,16.39257504,0.513033175,female
0.00774207,0.69,8.012448133,2.258298755,female
0.0456141,0.02,0.26487395,0.055462185,female
0.228313,0.9,32.99435028,0.447834275,male
0.373145,0.73,15.46836555,0,female
0.363705,0.02,0.312145289,0.018728717,female
0.967345,0.98,48.46547737,5.130161876,male
0.5,0.58,2.588904694,0.851114272,female
0.339916,0.5,27.99365079,35.07089947,female
0.828625,0.02,19.36653992,0.044106464,female
0.5,0.02,4.542440318,6.50795756,female
0.417952,0.73,4.582231623,13.75092544,female
0.646185,0.04,5.526819368,4.703682227,male
0.585369,0.97,0.153303965,0.125991189,male
0.5,0.5,5.291082445,0.592260236,female
0.0120342,0.02,5.759316089,3.564226217,female
0.283283,0.18,63.42312423,0.056580566,female
0.511965,0.98,1.73787234,0.033191489,male
0.314504,0.5,1.446990424,1.038987688,male
0.686142,0.02,9.108349901,2.461729622,male
0.81785,0.06,173.4657286,0,female
0.5,0.03,37.24559687,5.035225049,female
0.481056,0.99,16.83627563,1.619020501,male
0.5,0.11,2.261823802,2.476043277,female
0.157009,0.02,1.200460829,0.188940092,female
0.189756,0.02,41.85837651,32.27374784,female
0.031694,0.39,2.031956352,3.166796571,female
0.0879058,0.02,0.988826816,0.561305498,female
0.0378748,0.02,1.808481532,1.088235294,female
0.637631,0.99,63.76043643,0.312144213,male
0.0694924,0,36.6975048,0.401919386,female
0.499985,0.02,0.009310987,0.003351955,female
0.0552263,0.5,45.63578117,24.42483982,male
0.583358,0.5,28.29251701,1.700680272,male
0.5,1,146.0507283,5.02E-04,male
0.110328,0.5,6.407124682,0.271310433,female
0.329841,0.99,0.364881315,0.024954352,male
0.039803,0.03,0.852917666,5.142286171,female
0.179021,0.5,18.27682067,0.362176977,female
0.581198,0.5,0.46997389,1.481723238,female
0.556009,0.98,50.69496232,0.065846886,male
0.330615,0.99,8.932633421,3.446194226,male
0.5,0.5,2.261190787,3.67057801,female
0.0619521,0.78,1.295848448,0.25916969,male
0.512841,0.99,23.70326654,0.392808125,male
0.174936,0.02,15.10707692,5.180615385,female
0.5,0.5,0.008394544,0,female
0.5,0.97,6.272217025,3.98362956,male
0.402266,0.99,26.73422958,6.758359186,male
0.574904,1,4.189935679,0.138100643,male
0.5,0.95,1.116749689,0.277708593,male
0.531649,0.5,22.43963652,5.501947209,male
0.0969259,0.5,0.222704266,0.010845987,female
0.0308512,0.02,5.490187713,0.277303754,female
0.639703,0.98,0.781240262,0.974135245,male
0.755823,0.99,0.995859213,0.587301587,male
0.672462,0.97,1.328100471,0.274411303,male
0.43404,0.11,9.914925373,17.67313433,female
0.305169,0.12,7.851677457,12.28487345,female
0.0259292,0.36,15.18407189,0.42981097,female
0.992019,0.82,5.220971373,0.094242522,male
0.107481,0.01,9.92883549,5.949168207,female
0.425214,0.99,37.9800859,0.195236236,male
0.91847,0.93,72.79743008,0.072562358,male
0.4733,0.99,15.3346175,8.169510182,male
4.08E-05,0.31,27.27122836,4.449299258,male
0.279199,0.5,0.016632017,0.006237006,female
0.339181,0.99,1.264589905,0.815851735,male
0.893308,0.98,8.310115082,0.083888552,male
0.113427,0.99,0.264029439,0.307727691,male
0.5,0.02,28.2206172,12.76756402,female
0.5,0.85,6.467100977,2.581758958,female
0.575559,0.99,1.55701629,0.394112604,male
0.230951,0.5,3.715422886,4.5,female
0.0900483,0.5,3.154275093,0.338289963,female
0.283283,0.18,63.42312423,0.056580566,female
0.061346,0.12,8.380056067,33.86543853,female
0.868529,0.94,1.824979458,0.089975349,male
0.479189,0.02,12.6846473,0.001659751,female
0.5,0.04,0.861518826,1.613273772,female
0.302308,0.02,1.45256167,1.129032258,female
0.0790592,0.99,47.61718435,60.48487293,male
0.832343,0.5,2.19823435,0.015248796,male
0.0367786,0.8,18.88433938,11.84297172,female
0.904638,0.99,0.902774306,0.303674081,male
0.696607,0.99,11.00254453,2.744020356,male
0.101455,0.5,22.71492633,8.345932095,male
0.0624927,0.98,9.489673913,7.561956522,male
0.147861,0.02,3.356575463,1.706972639,female
0.5,0.86,2.197841727,0.116906475,female
0.258322,0.79,3.146574154,0.209019948,male
0.732251,0.77,2.820654316,0.61253449,female
0.841845,1,8.134656272,0.846208363,male
0.0858545,0.5,3.154153846,0.124307692,female
0.435625,0.99,89.19320883,3.281494058,male
0.893308,0.98,8.310115082,0.083888552,male
0.0370786,0.5,16.70980678,3.452059789,male
0.312249,0.99,2.861950763,2.181053288,male
0.126077,0.71,22.24221557,6.493712575,male
0.794051,0.5,83.54984093,0,female
0.147079,0.98,1.650928549,0.360402896,male
0.0625293,0.99,4.751138088,1.236115326,male
0.160934,0.87,36.23764334,4.294582839,male
0.833869,0.5,33.76246023,0,female
0.172701,0.99,3.17289272,1.564655172,male
0.0724949,0.32,12.56851312,40.3877551,female
0.0127119,0.99,45.42733813,1.219184652,male
0.152836,0.5,31.23305589,24.11494253,female
0.141394,0.02,6.920700309,6.877102643,female
0.0870035,0.89,1.958718861,0.03024911,female
0.937841,0.98,9.613040629,0.006880734,male
0.297542,0.69,67.87096774,43.0483871,male
0.397554,0.02,71.97776303,9.96E-04,female
0.483927,0.78,6.66440678,4.245762712,male
0.769111,0.5,84.36744433,0,female
0.574936,0.55,0.002541296,0,female
0.0874297,0.5,18.1552795,2.751996451,male
0.0748203,0.58,28.39417989,13.42592593,male
0.416149,0.02,63.70507655,0.018533441,female
0.221122,0.99,1.231343284,1.785074627,male
0.0459071,0.5,1.663924051,0.698417722,female
0.11594,0.06,2.196096096,0.751351351,female
0.134947,0.5,5.001956947,0.45270711,female
0.772991,0.97,0.631034483,0.006206897,male
0.0892698,0.01,1.204717266,2.391593589,female
1.63E-04,0.99,4.127659574,11.7606383,male
0.5,0.02,39.33715442,11.49561699,female
0.5,0.99,0.066287879,0.101515152,male
0.98695,0.5,85.9005817,0,female
0.395466,0.12,0.236309524,0.05952381,female
0.112779,0.99,10.45627876,22.26692965,male
0.656288,0.91,33.69230769,0.139588859,male
0.180345,0.93,3.24750981,0.199517054,female
0.203523,0.5,2.800247372,0,female
0.121602,0.03,16.59173205,8.117984309,female
9.92E-05,0.02,0.006896552,0,male
0.275101,0.98,9.102850539,3.380970724,male
0.123496,0.02,19.4764668,7.436492585,female
0.100357,0.03,0.315946986,0.224027362,female
0.5,1,1.898978434,1.468217934,male
0.48355,0.99,2.550652341,0.31465848,male
0.0442725,0.88,0.630937881,0.144336175,male
0.0963941,0.5,0.939446972,3.615680784,male
0.508478,0.61,6.683868974,3.003708282,male
0.5,0.72,34.85916115,8.51611479,male
0.31841,0.5,22.27171717,21.0979798,female
0.309781,0.72,0.132469402,0.039596832,female
0.198675,0.99,11.59700581,3.06E-04,male
0.807598,0.59,5.934346505,1.173556231,male
0.224938,0.03,20.46349206,10.52063492,female
0.154814,0.89,4.116675839,1.46119978,male
0.985516,0.5,74.73492063,0,female
0.5,0.96,2.860619469,1.327433628,male
0.14928,0.99,2.77148289,0.806844106,male
0.249389,0.5,2.035671463,0.043764988,male
0.0560207,0.74,1.242596349,3.169168357,female
0.111031,0.5,30.46817691,14.82704063,male
0.223447,0.13,1.397037037,0.073481481,female
0.0860429,0.02,3.86199095,9.038461538,female
0.511991,0.5,3.458788481,1.290963257,male
0.5,0.96,1.69408284,2.671597633,male
0.189383,0.99,52.26182317,3.43E-04,male
0.114827,0.99,2.016105417,0.070278184,male
0.5,0.01,7.693423598,3.489361702,female
0.303445,0.74,9.954997384,32.38042909,female
0.148671,0.02,0.239171375,0.285624608,female
0.0860961,0.72,3.633333333,1.232926829,male
0.0923672,0.01,9.388746803,10.01278772,female
0.250592,0.5,7.292682927,1.391463415,female
0.5,0.86,0.398546336,0.029678982,male
7.55E-04,0.02,8.337020649,0.003687316,female
0.612867,0.5,0.643607706,8.76E-04,male
0.116267,0.99,0.037037037,0.161669606,male
0.145531,0.5,0.554498903,2.029992685,female
0.0369592,0.5,6.483496878,5.336306869,female
0.612867,0.74,0.648293963,8.75E-04,male
0.917879,0.05,1.071044776,0.085373134,female
0.430597,0.98,11.59107701,1.473714123,male
0.5,0.03,80.53022578,0.050983248,female
0.5,0.5,33.20497427,16.98284734,male
0.40464,0.5,5.145536384,7.35483871,female
0.876548,0.02,8.923320436,9.419978896,female
0.5,0.5,48.62541304,103.0186242,male
0.0883687,0.5,5.973812196,0.599700711,female
0.202,1,1.868852459,1.13556116,male
0.173795,0.3,0.071428571,0,female
0.046453,0.45,3.328648649,5.072432432,female
0.538603,1,2.274636511,0.101373183,male
0.011593,0.5,14.43620178,13.08209693,female
0.5,0.02,1.485970382,0.488308652,female
0.177216,0,0.492211838,0.154724818,female
0.0511346,0.02,3.166153846,0.523076923,female
0.753293,0.5,25.55472901,0.39036486,female
0.917622,0.96,4.45,0.025630252,male
0.562417,0.88,4.238600212,0.001060445,male
0.64098,0.03,36.39314195,1.620414673,female
0.0704405,0.02,0.687764991,0.046638401,female
0.466988,0.02,3.765450708,1.110943624,female
0.0271603,0.94,43.04295533,0.740549828,male
0.86291,0.99,10.93640553,1.71797235,male
0.138832,1,6.701282051,7.345299145,male
0.5,0.75,0,0,male
0.39161,0.5,82.75142161,1.54752234,male
0.875604,0.97,0.244149273,0.017077799,male
0.21868,0.5,22.79471657,3.47330765,male
0.449475,0.62,0.255520505,0.623554154,male
0.5,0.04,25.72704715,6.983870968,male
0.98325,0.94,730.1290622,0,male
0.0460752,0.5,6.647016012,0.007641921,male
0.159869,0.01,0.027863777,0.040247678,female
0.0392491,0.41,1.78342455,5.469116497,female
0.659586,0.99,0.492738589,0.167012448,male
0.191818,0.6,14.25178713,0.384432089,male
0.5,0.83,0,0,female
0.5,0.95,0,0,male
0.997595,0.64,0.018518519,0,female
0.0494238,0.02,6.215892054,20.47076462,female
0.298469,0.96,19.45784148,1.80227656,male
0.5,0.5,1.565262076,1.237410072,male
0.209223,1,13.74104913,5.247710241,male
0.0135503,0.5,6.392491468,0.155290102,female
0.0866773,0.29,128.2674033,0.001657459,female
0.0231952,0.99,42.60282686,0,male
0.54485,0.02,0.463514902,0.166495375,female
0.0096213,0.09,35.98937954,20.50307434,female
0.37186,0.5,3.86137392,1.317153435,male
0.250268,0.39,0.007662835,0,female
0.229794,0.03,0.019480519,0,female
0.195228,0.02,12.95177665,6.755499154,female
0.0316911,0.02,3.851203501,4.301239971,female
0.95255,0.33,0.390730838,0.183244207,male
0.0304743,0.03,0.091998801,0.027270003,female
0.0548788,0.02,13.80489022,17.57734531,female
0.231042,0.5,19.49037227,3.657252888,male
0.374469,0.02,13.49755833,5.43E-04,female
0.180245,0.99,0.292522956,0.293397464,male
0.327304,0.99,2.458272328,3.846998536,male
0.5,0.5,1.781540142,0.06171491,male
0.332486,0.5,29.02092229,11.33176772,male
0.243462,0.98,16.69175109,2.716714906,male
0.38313,0.45,28.07379824,49.73595125,female
0.0689914,0.88,0.790560472,0.10619469,male
0.0413582,0.99,13.8990116,2.91963902,male
0.114294,0.96,0.365374677,0.285788114,male
0.237653,0.99,2.891719745,0.485845718,male
0.933864,0.98,16.66629875,6.011037528,male
0.5,0.99,3.936470588,4.766470588,male
0.152773,0.02,2.746789595,0.007902535,female
0.829057,0.32,6.218440096,0.218976146,male
0.806469,0.5,8.542695473,2.717078189,female
2.99E-06,0.96,5.1855635,0.054477358,male
0.353392,0.71,32.09258699,0.913464448,female
0.913573,0.93,15.9786142,2.659110351,male
0.689945,0.99,4.524577573,0.040706605,male
0.5,0.74,2.546607483,5.729866836,female
0.0288244,0.6,5.16291699,5.950349108,male
0.466313,0.99,3.087258123,0.108433735,male
0.0170496,0.01,2.210334029,3.393528184,female
0.343758,0.02,0.181818182,12.54545455,female
0.972795,0.99,77.86122692,0.006253722,male
0.0115052,0.31,0.119621343,0.182444062,female
0.179655,0.02,0.878614458,0.372590361,female
0.23435,0.8,30.15686872,0.876332623,male
0.603999,0.99,52.19934334,1.66369606,male
0.249284,0.99,0.928038991,0.318807339,male
0.359016,0.62,63.15443886,0.148743719,male
0.492036,0.52,9.482674772,1.875987842,male
0.819694,0.99,3.844170835,0.765294344,male
0.463654,0.44,46.34882449,8.51995626,female
0.305182,0.92,0.999144568,0.586826347,male
0.0536868,0.5,13.17783094,11.49880383,female
0.259709,1,0.315618221,0.728308026,male
0.507257,0.5,3.318038529,0.052539405,male
0.303266,0.31,3.110928242,0.526991442,female
0.5,0.02,12.03097345,5.364843121,female
0.370294,0.87,0.585983827,0.455525606,female
0.5,0.5,0.065743945,2.936851211,male
0.225476,0.5,11.81078905,1.164251208,female
0.337773,0.04,1.679159935,2.043295638,female
0.0362209,0.58,4.02467751,7.99102636,female
0.393579,0.99,1.597530082,0.335338822,male
0.0232833,0.56,56.25324059,0.145747708,female
0.762607,0.5,25.93927772,0.035474593,male
0.0464281,0.05,4.841722595,1.147651007,female
0.402266,0.99,26.73422958,6.758359186,male
2.58E-06,0.99,0.228440367,0.175229358,male
0.924869,0.97,2.376078915,0.532675709,male
0.343108,0.5,0.335297584,0.034177961,male
0.436364,0.93,7.297594782,0.236852833,male
0.5,0.63,0,0.002062919,female
0.715433,0.99,10.3492268,1.704896907,male
0.859011,0.5,2.772062805,0.403898213,female
0.978379,0.99,0.250559284,0.001917546,male
0.116305,0.5,14.57246816,1.077926016,female
0.294999,0.02,1.386945392,0.217576792,female
0.708854,0.98,1.956992673,0.002548582,male
0.780792,0.99,15.86706783,0.005743982,male
0.740997,0.09,1.888157895,0.232057416,female
0.339633,0.5,0.027203482,0.003264418,male
0.186055,0.17,4.064500246,4.574593796,female
0.237268,0.76,4.735560859,3.731742243,female
0.10383,0.58,1.686027397,2.506849315,female
0.916521,0.5,10.91348195,0,male
0.5,0.02,1.306767434,0.215046376,female
0.0845103,0.03,1.815255732,3.855379189,female
0.584258,0.5,5.267857143,0.141949153,female
0.712564,0.99,0.923679868,0.785891089,male
0.456753,0.95,84.60600707,0.010600707,male
0.0611273,0.09,14.28037383,2.844859813,female
0.280797,0.04,4.868774704,0.902371542,female
0.5,0.27,18.36234626,0.529801325,female
0.812998,0.98,3.995313271,0.435619142,male
0.299131,0.94,6.312200957,2.754485646,male
0.0243707,0.5,0.781818182,1.828571429,female
0.656795,0.98,1.425222312,3.203718674,male
0.456753,0.95,84.60600707,0.010600707,male
0.280969,0.92,37.34692635,22.33597079,male
0.656799,0.88,0.674668874,0.051738411,male
0.139049,0.93,5.962247191,1.045393258,male
0.614729,0.89,4.117698726,6.630215195,male
0.494828,0.79,0.104026846,0.597315436,male
0.259683,0.99,0.219818562,2.952547104,male
0.5,0.02,0.569737954,0.295576219,female
0.5,0.97,6.523484848,3.498484848,male
0.119841,0.9,1.584632517,0.996288048,female
0.0827002,0.74,21.75073795,3.679567071,male
0.0509366,0.04,0.190666667,0.174222222,female
0.937094,0.98,3.402631579,1.537218045,male
0.763438,0.98,31.97945619,0.09305136,male
0.991949,0.99,0.44704528,0.118956255,male
0.732856,0.5,3.236928105,0.008823529,female
0.5,0.17,9.264312977,7.878816794,female
0.212161,0.04,0.58045977,0.558429119,female
0.272322,0.02,14.09994051,2.127900059,female
0.110037,0.08,24.56962617,15.31588785,female
0.286808,0.03,1.225280326,2.96941896,female
0.0787132,1,23.07307439,2.913100724,male
0.5,0.5,17.8407155,12.66865417,female
0.202041,0.52,4.245327103,1.609034268,female
0.170515,0.99,0.076824584,0.344430218,male
0.5,0.22,16.57307692,4.106410256,female
0.5,0.99,3.486055777,0.916903813,male
0.0629965,0,0.367637942,0.057346559,female
0.334084,0.97,6.231721359,8.910477835,male
0.258728,1,7.81995813,2.251221214,male
0.82421,0.98,179.124,41.48153846,male
0.664254,0.5,1.049847688,0.611464968,male
0.16154,0.02,7.704200179,8.459338695,female
0.0636581,0.97,7.094079481,1.278588808,male
0.86361,1,5.790322581,2.747407834,male
0.613518,0.02,0.931169222,0.005109708,female
0.345521,0.99,5.03030303,3.851851852,male
0.35156,1,0.337160121,2.32326284,male
0.398212,0.97,11.74529845,3.816843827,male
0.602147,0.61,30.26305684,5.210445469,male
0.0411752,0.04,53.10434057,7.271841959,female
0.0973891,0.02,4.534492124,0.87017925,female
0.145335,0.93,16.78170674,8.842055634,male
0.375949,0.98,9.616185897,11.41866987,male
0.415898,0.59,1.234716157,0.147925764,male
0.0278847,0.81,31.32152086,0.016611296,male
0.0891844,0.06,6.675691937,4.377256318,female
0.452204,0.99,1.316179498,1.303005352,male
0.400195,0.99,0.384,0,male
0.252735,0.5,0.004882018,0.005966911,male
0.193102,0.5,4.925737538,1.704984741,female
0.837191,0.99,0.776570458,0.005432937,male
0.5,0.02,4.925159236,5.656050955,female
0.724588,0.89,1.817898833,0.216861219,male
0.617444,0.88,5.791515152,0.867474747,male
0.874671,0.99,46.09265075,18.29742462,male
0.0942295,0.5,7.198601974,2.533305921,female
0.157147,0.41,21.31032413,0.799519808,female
0.548512,0.92,5.208797032,0.75463699,male
0.311893,0.75,3.77100566,1.248585111,male
0.939567,0.99,5.960391997,9.127807268,male
0.00601586,0.5,2.800901578,2.381667919,male
0.66834,0.5,7.143507973,0.247835991,female
0.526687,0.02,4.115604186,4.76E-04,female
0.5,0.5,0.001655629,0.087748344,male
0.5,0.02,5.340010543,1.710595677,female
0.0548029,0.99,0.190614137,0.374855156,male
0.156815,0.3,14.6673031,12.1875895,female
0.0652482,1,4.903160726,0.477471419,female
0.98343,0.5,34.05540631,1.790799194,male
0.5,0.5,5.431133155,1.406333461,female
0.948512,1,138.5568462,0.134459697,male
0.261856,0.96,0.337781485,0.079232694,male
0.456702,0.04,0.259806184,0.013382557,female
0.0784469,0.01,5.792486583,17.01371497,female
0.404914,0.98,7.325524044,0.449753391,male
0.5,0.96,21.34806452,1.102580645,male
0.507257,0.5,3.318038529,0.052539405,male
0.00246885,0.07,19.26930853,6.828143955,female
0.365734,0.5,31.92851135,0.846930193,female
0.5,0.99,5.753039028,0.606845809,male
0.981829,0.93,1.851748252,0.052680653,male
0.0186141,0.5,13.05976277,4.90419708,female
0.5,0.12,0.562303194,0.986954566,female
0.177329,0.98,7.184773311,2.461933276,male
0.273631,0.5,11.49423,0.360127338,male
0.785484,0.99,0.351715686,0.006944444,male
0.17196,0.99,36.5206422,34.14449541,male
0.707361,0.5,0.00234192,0,female
0.144199,0.9,11.17610583,1.680859859,male
0.619564,0.94,1.70293966,2.083032491,male
0.890326,0.02,196.8038898,0.352242031,female
0.0437933,0.5,20.98427194,2.779299848,female
0.165492,0.02,4.070766639,0.333192923,female
0.0450633,0.04,13.89148737,2.663860306,female
0.185943,0.5,15.64255448,0.129237288,female
0.5,0.5,6.690332326,0.856495468,female
0.031405,0.5,21.70230608,52.09014675,female
0.731136,0.99,4.962406015,0.018259936,male
0.0537746,0.02,11.54671968,10.56908549,female
0.452449,0.5,0.060019361,0.006776379,male
0.0326771,0.5,8.327034884,7.973837209,female
0.399839,0.89,2.014918824,0.992101799,male
0.132721,0.03,11.01075269,10.05763441,female
0.671983,0.98,0.80929332,0,male
0.190635,0.5,9.623735409,0.56770428,male
0.5,0.09,19.09913793,0.003232759,female
0.449418,0.15,1.74819567,7.425821973,female
0.683312,0.97,6.920386007,0.530759952,male
0.127845,0.77,4.972055288,2.193810096,female
0.455696,0.99,16.6035046,0.064449064,male
0.151076,0.5,15.35698198,2.170795796,male
0.0891815,0.99,0.575190355,0.779822335,male
0.65479,0.99,13.835682,1.153682531,male
0.226429,0.5,3.772704958,5.379479627,female
0.0533899,0.5,16.9486653,1.204517454,female
0.0349239,0.41,4.483623693,5.214982578,female
0.074346,0.78,4.998827667,1.72919109,female
0.400869,0.5,1.188353702,0.668943206,male
0.368581,0.99,2.621072089,0.420702403,male
0.5,0.59,7.89E-04,0.001577287,female
0.133865,0.12,11.8720335,7.107026524,female
0.359637,0.85,5.94153337,2.363761721,male
0.112535,0.99,99.6185006,3.005441354,male
0.0943251,0.5,15.74291056,13.1402306,male
0.692421,0.98,21.84075342,0.001141553,male
0.0967712,0.02,3.139664804,1.31763767,female
0.0463977,0.95,49.61426492,38.83624454,male
0.0944645,0.99,4.393248175,0.802311436,male
0.513548,0.99,11.01946283,0.065784352,male
0.998508,0.5,0.040687161,0.733273056,female
0.495729,0.68,37.09963862,0.631905008,female
0.393234,0.05,0.343313373,0.105788423,female
0.20304,0.5,1.795811518,1.817705854,female
0.5,0.97,7.522518766,0.668056714,male
0.5,0.97,4.943646409,0.909944751,male
0.179454,0.7,25.08217822,33.07722772,male
0.790914,0.99,0.333250249,0.120638086,male
0.579859,0.29,11.8947788,3.269430052,female
0.0730715,0.02,1.871549894,1.788747346,female
0.110608,0.83,14.84079349,7.61190234,male
0.0422438,0.02,1.108936725,0.89171559,female
0.0180495,0.99,50.5010925,0.004369993,male
0.5,0.99,59.93125671,41.51987111,male
0.139771,0.5,23.61728,0.25184,female
0.208726,0.99,3.635301353,1.392066421,male
0.995696,0.04,8.317295597,0.041194969,female
0.765655,0.62,2.285327721,0.303968731,female
0.419901,0.99,0.280934343,0.112058081,male
0.998945,0.99,0.152133581,0.066790353,male
0.198099,0.02,26.89898132,15.43463497,female
0.450881,0.73,0.008036739,0.001148106,female
0.100239,0.29,0.656015038,0.109962406,female
0.5,0.99,5.045954046,6.688311688,male
0.313717,0.97,11.58317757,9.492336449,male
0.575129,0.97,2.185066095,0.254733834,male
0.833903,0.02,5.164768922,2.726054923,female
0.578219,0.99,18.83991996,10.5827914,male
0.508287,0.03,4.662039046,1.181778742,female
0.104754,0.5,1.482197355,2.546286877,male
0.395929,0.5,14.98098388,3.133526251,male
0.287179,0.5,1.744132231,0.32661157,male
0.0804776,0.87,7.443349754,4.103000448,male
0.5,0.5,35.36881473,21.04315305,female
0.184651,1,3.432534678,9.786254729,male
0.288962,0.09,1.512195122,0.07804878,female
0.883941,0.99,0.980609418,0.434903047,male
0.362585,0.5,0.029932546,0.64544688,male
0.39927,0.98,7.037646041,11.18563392,male
0.234889,0.99,2.805837563,0.836717428,male
0.261888,0.81,0.13876789,0.018668326,male
0.0821377,0.78,2.590093324,2.759511845,female
0.5,0.5,3.095549204,3.675786035,female
0.687195,0.93,132.360221,0,male
0.5,0.99,0,0,male
0.5,0.98,0,0.002293578,male
0.817644,0.98,1.357777047,0.747122657,male
0.632264,0.5,2.046129032,0.083548387,male
0.666128,0.5,39.40125112,5.478552279,female
0.0171411,0.52,37.4159699,2.540551839,male
0.25121,0.98,7.431627517,5.371224832,male
0.137521,0.02,0.962006079,0.284194529,female
0.634988,0.99,10.32553191,4.235106383,male
0.545781,0.15,3.668858338,12.73640167,female
0.612843,0.5,0.010055866,0.001117318,female
0.509441,0.5,69.27835977,2.31188267,female
0.145294,0.5,5,2.949486977,female
0.361482,0.99,5.042418773,6.876052948,male
0.999601,0.99,0.02077001,0.061296859,male
0.548901,0.5,6.965861345,0.005252101,male
0.699722,0.02,13.28279387,4.333475298,female
0.127803,0.5,7.242647059,9.181149733,female
0.5,0.55,5.41E-04,0,female
0.5,0.02,5.835274542,2.827509706,female
0.0764899,0.06,6.861434472,0.12805107,female
0.996389,0.97,0.292221236,0.034013605,male
0.714567,0.98,2.474534919,6.10E-04,male
0.170377,0.45,3.659654395,1.511269722,female
0.0558131,0.02,5.467224547,7.349604835,female
0.327636,0.99,0.005439005,1.473193473,male
0.27766,0.96,16.41214668,1.074102368,male
0.339888,0.67,15.12320706,2.401618242,male
0.550492,0.15,24.87475306,2.776768076,female
0.00938555,0.5,10.8605852,1.660929432,female
0.0409796,0.02,34.64935941,42.2973702,female
0.0905901,0.54,9.814722083,2.672008012,female
0.657202,0.15,13.62840746,4.523672884,female
0.128157,0.06,9.497028633,8.102647218,female
0.514631,0.5,2.936309524,0.873809524,male
0.0298917,0.5,80.45879459,4.250922509,female
0.5,0.93,0,0.105882353,male
0.395211,0.5,22.13783098,0.013057671,female
0.115627,0.5,0.238181818,3.456363636,female
0.5,0.5,0.777559055,2.486220472,female
0.5,0.02,18.30266789,4.249616682,female
0.100869,0.95,1.610565111,0.921375921,male
0.131664,0.02,10.27497276,0.123864875,female
0.151485,0.5,35.58952765,14.07835958,female
0.184004,0.5,4.563630042,4.611613352,male
0.614775,0.99,16.73772455,5.067065868,male
0.167795,0.09,8.160243408,0.821501014,female
0.144019,0.85,3.129674599,3.443419136,male
0.284249,0.87,23.61702128,0,male
0.0705381,0.02,25.55123217,7.897968007,female
0.0244111,0.86,41.9692905,0.649488175,male
0.0297804,0.99,0.010398614,0.742634315,male
0.183802,0.97,2.814927979,1.910955914,male
0.0137985,0.99,1.528337062,3.24906786,male
0.00152017,0.5,106.1993531,4.732137607,male
0.867722,0.99,12.2365426,3.08E-04,male
0.174726,0.02,12.3788222,1.313703284,female
0.117387,0.08,3.792549306,38.13659606,female
0.0191385,0.98,12.07798538,16.97806661,female
0.0866507,0.97,0.642099386,0.019542155,male
0.729077,0.5,121.9927725,0.005203816,male
0.0635811,0.5,5.064493759,3.963245492,male
0.960022,0.97,13.24051688,2.006669446,male
0.0155316,0.5,2.831585082,1.304195804,female
0.55419,0.27,0.002352941,0.028823529,female
0.198736,0.02,8.558533701,5.242412298,female
0.139794,0.93,2.817110973,2.088654681,female
0.711427,0.5,43.16084425,15.42649199,male
0.616893,0.86,0.15320911,0.112836439,male
0.240198,0.09,45.02457757,73.25345622,male
0.0234856,0.38,1.94592145,0.018126888,female
0.5,0.99,0.965048544,0.866666667,male
0.101572,0.5,7.093346253,2.71996124,male
0.0213986,0.5,3.947538337,0.620258273,male
0.230814,0.79,2.960467206,0.490566038,male
0.889859,0.99,1.448918717,2.669649515,male
0.00136079,0.93,45.64884569,0.789793439,male
0.403636,0.5,7.136744186,0.849302326,male
0.0449471,0.26,7.919614148,5.570203644,female
0.293947,0.9,0.569982132,0.590232281,female
0.191872,0.5,36.59711595,23.44614479,female
0.294179,0.5,18.39822134,4.12055336,male
0.392371,0.02,0.292248292,0.036531037,female
0.153508,0.5,1.314893617,0.223210832,female
0.19421,0.5,0.060740741,0.001481481,male
0.5,0.98,2.812834225,0.131016043,male
0.101995,1,20.28725529,6.580503396,male
0.5,0.5,49.13390526,4.755315181,female
0.558986,0.99,3.438393839,1.745324532,male
6.09E-04,0.75,7.468684447,6.71920887,female
0.161683,0.02,3.398464164,2.02559727,female
0.55052,0,8.023610053,0,female
0.0455485,0.08,6.039193729,1.565136245,male
0.239501,0.99,8.954478708,0.049559471,male
0.5,0.99,8.155789474,5.057894737,male
0.439704,0.5,21.64361476,1.976240984,male
0.433193,0.99,199.3941707,43.9389313,male
0.331257,0.85,25.20578778,23.34221406,female
0.5,0.74,289.9679144,0.03030303,female
0.720323,0.99,12.60747172,0.372533544,male
0.5,0.5,0.292148509,0.172245892,female
0.321765,0.99,10.88377652,5.363310427,male
0.211421,0.5,2.020857474,0.044611819,male
0.996604,0.25,29.98495486,3.581745236,female
0.319718,0.83,5.976190476,0.284083496,male
0.5,0.5,10.59664871,5.259126272,male
0.5,0.27,7.079040226,2.665490473,female
0.525437,0.5,29.929063,0.878242456,male
0.0726047,0.02,29.38820712,0.119425322,female
0.751592,0.99,10.19257773,16.31895687,male
0.47423,0.91,0.951953876,2.574631646,male
0.375601,0.99,3.272943981,0.598728645,male
0.072548,0.01,2.72299169,3.94028932,female
0.155387,0.99,2.925782926,0.079365079,male
0.5,0.63,32.89937759,7.677040111,male
0.621024,0.5,8.848421053,0.312280702,male
0.920508,0.98,129.5029126,30.49255663,male
0.842484,0.98,30.01509288,2.163312693,male
0.5,0.51,14.53750518,15.96311645,female
0.0132343,0.04,1.573099415,0.076555024,female
0.5,0.5,55.56698565,91.92763158,male
0.168458,0.99,2.815184382,3.379175705,male
0.390643,0.02,1.9877429,0.086098655,female
0.742708,0.98,7.021117166,6.755449591,male
0.5,0.8,15.01897019,24.78229449,female
0.215673,1,0.241827491,0.090586845,male
0.321522,0.5,0.724914036,0.166614567,male
0.486977,0.02,1.581153389,0.109096314,female
0.106681,0.98,20.51372119,7.199231614,male
0.150049,0.75,66.86495327,2.781775701,male
0.262423,0.5,52.37763253,43.39796659,male
0.5,0.02,1.817174515,0.171052632,female
0.639113,0.99,0.965364478,0.005638341,male
0.056618,0.93,7.592651757,1.448349308,female
1.51E-04,0.11,23.25341131,4.834307992,female
0.429287,0.99,42.66641509,0.023396226,male
0.0539245,0.02,0.631984036,0.026795895,female
0.100402,0.67,0.795687885,2.309377139,female
0.752911,0.85,60.65771297,3.898695318,male
0.0216593,0.47,19.255203,1.483452747,female
0.324339,0.02,0.567539267,0.329319372,female
0.878117,0.5,58.41191489,1.030638298,male
0.05598,0.02,16.71836079,8.134190438,female
0.194633,0.86,46.88428815,9.474191719,female
0.613453,0.5,0.848847518,0.039893617,male
0.33111,0.33,2.513991163,0.816642121,female
0.220151,0.22,1.17188823,2.126164268,male
0.15067,0.09,13.77111801,4.923602484,female
0.5,0.01,0.449556541,1.35864745,female
0.840178,0.5,0.134048257,0.032171582,male
0.715139,0.99,135.870097,0.010965837,male
0.615491,0.99,1.25384374,0.262943207,male
0.00930221,0.02,14.01600711,0.024899956,female
0.0598682,0.5,6.396257796,0.185031185,female
0.114509,0.5,0.085512367,0.05795053,male
0.112618,0.73,0.821581197,0.759615385,female
0.00997126,0.03,1.648875562,15.22578711,female
0.5,0.02,1.26228297,1.22718877,female
0.697653,0.98,4.526157804,20.53301887,male
0.612733,0.02,5.199481865,0.099093264,female
0.00217323,0.63,10.25582967,1.043257857,male
0.00180402,0.5,49.88521493,57.09589041,male
0.598373,0.5,12.99067432,2.191535151,male
0.139605,0.5,20.37382502,14.0867679,female
0.0620084,0.76,81.20482574,85.32868633,male
0.0938148,0.5,3.920863309,0.618392243,female
0.233013,0.03,1.861702128,30.61702128,female
0.149178,0.5,14.75964187,0.066115702,female
0.674736,0.97,2.637004079,3.68928439,male
0.165739,0.93,11.35190344,8.720984215,male
0.010888,0.5,9.242961418,1.257559958,female
0.018151,0.04,9.724018838,0.075981162,female
0.173787,0,29.39178744,10.59275362,female
0.963207,0.98,0.513865115,0.001369394,male
0.5,0.21,3.11097561,2.383739837,female
0.588691,0.99,26.24483776,2.747576907,male
0.937955,0.98,1.472768108,0.285233015,male
0.0406493,0.5,13.40795802,0.433318758,female
0.284695,0.99,3.727060653,1.723950233,male
0.106468,0.99,3.839838493,0.053387169,male
0.0919924,0.5,5.565989848,0.981810491,male
0.0956806,0.03,27.15486542,6.640165631,female
0.284416,1,133.8638814,4.037286613,female
0.105491,1,0.414304993,0.078947368,male
0.929301,0.67,40.65535144,9.576277955,male
9.68E-04,1,2.236945367,0.013884697,male
0.0921697,0.79,8.985557769,8.412848606,female
0.147058,1,148.6543705,8.02E-04,male
0.408038,0.83,0.173455378,0.025171625,male
0.314727,0.99,57.52367229,9.211198024,male
0.807275,1,3.982854495,5.656163114,male
0.0280151,0.02,131.7853107,26.08371854,female
0.745513,0.99,5.137166816,0.061395627,male
0.747538,0.5,30.27662338,18.8525974,female
0.5,0.5,1.476123596,0.389044944,female
0.157319,0.97,12.06568144,14.07676519,male
0.118012,0.5,5.607352487,0.31819586,female
0.155773,0.78,17.55458753,0.314729104,female
0.274811,0.99,63.00336377,14.24171072,male
0.0484909,0.5,8.98740084,4.432571162,female
0.5,0.87,15.37202961,19.26139462,male
0.703992,0.99,0.593678599,0.088347296,male
0.959612,0.92,32.68868704,2.188687036,male
0.503903,0.56,26.00862689,7.803738318,male
0.0354758,0.48,3.468965517,4.717241379,female
0.190143,0.99,29.53664596,24.42391304,male
0.13544,0.57,35.81109299,8.427079935,male
0.875872,0.5,6.506060606,2.454545455,female
0.5,0.99,34.22852292,0.00237691,male
0.232031,0.99,2.606720597,1.260734287,male
0.0794617,0.73,34.67575427,0.561250454,female
0.0669956,0.5,2.59375,0.89625,female
0.5,0.99,2.490832582,0.007213706,male
0.120679,0.85,26.02836231,0,male
0.313244,0.99,0.260704091,0.074215033,male
0.174642,0.87,0.566459627,0.009937888,male
0.678284,0.83,3.44966443,3.589485459,male
0.0476784,0.5,7.236727589,0.82767624,female
0.253995,0.02,5.391502276,0.559332322,female
0.126122,0.04,13.943929,16.66841468,female
0.359048,0.97,7.293863854,2.37535954,male
0.142834,0.01,5.525844526,7.482702483,female
0.827085,0.5,0.061241154,0.07212847,male
0.0903573,0.02,1.991803279,8.220218579,female
0.423729,0.67,0.195356285,0.170136109,male
0.00796947,0.04,1.65026178,1.381675393,female
0.00553627,0.5,119.6548826,6.38597508,male
0.382392,0.92,0.60359589,8.349315068,male
0.778336,0.99,3.361930295,0.116175156,male
0.132654,0.99,13.4922049,20.65001591,male
0.629786,0.93,3.225343511,3.400916031,female
0.288328,0.77,8.271812081,7.416480239,female
0.83553,0.99,8.567684243,0.506321307,male
0.5,0.5,0,0,female
0.297175,0.99,12.19698725,0.020084975,male
0.266701,0.94,0.097983871,0.021370968,male
0.861987,0.02,18.40499365,0.407109606,female
0.0509885,0.5,82.81018028,0,male
0.571978,0.96,0.292857143,0.126488095,male
0.244204,0.02,10.48230628,4.059182428,female
0.0893663,0.28,16.42787584,7.289713938,female
0.974417,1,70.35007553,11.35385196,male
0.164555,0.02,4.391415432,3.864588656,female
0.152097,0.5,9.057731959,3.359793814,male
0.149093,0.85,3.215728274,0.677172583,male
0.764256,0.97,0.197385204,0.020727041,male
0.0809819,0.5,6.084872471,28.52858399,female
0.5,0.02,12.08013436,9.195297505,female
0.369635,0.86,3.536041418,1.88689765,male
0.445055,0.5,0.613489958,0.302008336,female
0.210787,0.78,18.2325672,1.607713284,male
0.0665491,0.5,2.579885057,3.922988506,female
1.68E-05,0.99,8.626422904,1.276302173,male
0.089267,0.5,8.553874092,3.103510896,female
0.0563541,0.05,13.15315315,8.751212751,female
0.0615366,0.98,9.846153846,9.283090783,male
0.826512,0.07,5.323176362,0.015081564,female
0.0607488,0.04,5.678733032,13.04771699,female
0.0626069,0.73,26.93110721,14.76836555,female
0.49774,0.62,0.855417755,0.117819843,male
0.0564762,0.99,1.668829163,1.654309546,male
0.397846,0.79,0.735053763,0,female
0.136001,0.8,3.639477242,0.592609283,male
0.5,0.02,17.99772727,5.526704545,female
0.175245,0.02,13.6246345,17.76352339,female
0.5,0.96,20.36871904,24.992569,male
0.0176662,0.05,2.665334095,3.150770988,female
0.0619044,0.5,46.39601019,7.452037351,female
0.479156,0.99,43.4925876,0,male
0.0815291,0.05,5.08875178,1.77978168,female
0.0913326,0.5,50.09625174,2.190189727,female
0.0342164,0.5,6.665316045,0.170178282,male
0.011706,0.99,122.2843066,0.532481752,male
0.683807,0.99,4.317004049,1.540890688,male
0.604693,0.79,0.14211719,0.09161541,male
0.41535,0.93,1.354123559,0.493349098,male
0.0780375,0.58,16.04739522,0.220916569,female
0.5,0.5,5.309768638,0.262210797,male
0.0061549,0.12,2.436258025,1.163558545,female
0.0789221,0.84,80.8269132,3.739085773,female
0.0432279,0.11,22.01292517,11.47619048,female
0.4894,0.02,0.558139535,0.033222591,female
0.218694,0.02,4.037614679,0.092966361,female
0.123145,0,26.07543698,1.903710518,female
1.28E-05,0,9.073552426,0.504303599,female
0.0706379,0.81,45.20978474,0.10332681,male
0.251216,0.43,7.155608215,3.173775671,female
0.0150322,0.5,2.184251158,2.130211014,female
0.273465,0.8,9.60561732,4.856056173,male
0.0456093,0.64,0.439665971,0.80125261,female
0.185834,0.99,2.242982824,0.469627147,male
0.308904,0.16,29.62473882,7.301713331,female
0.5,0.01,25.45894123,5.980408504,female
0.272113,1,0.07398568,0.431299011,male
0.46166,0.01,19.66021208,8.707238359,female
0.0361625,0.88,43.73673126,18.18997473,male
0.123489,0.5,0.813547954,0.003353454,female
0.16254,0.75,8.930054375,6.478991597,female
0.405507,0.16,0.950888192,1.181818182,female
0.5,0.25,9.518008903,1.299473897,female
0.906953,0.89,0.034146341,0,female
0.106695,0.02,3.616289199,2.448606272,female
0.175209,0.92,3.737304688,0.522460938,male
0.458148,0.71,6.649799599,8.419338677,male
0.535436,0.86,0.002372479,0.004744958,male
3.57E-06,0.99,63.53264781,14.27326478,male
0.0112769,0.99,60.76518883,3.954351396,male
0.0066945,0.04,2.224163028,8.241630277,female
0.232696,0.02,48.16720955,2.518186754,female
0.649141,1,1.557100298,0.457795432,male
0.5,0.5,0,0,female
0.0614732,0,0.455859252,4.29594722,female
0.386405,0.91,1.115984405,0.176413255,male
0.058623,0.04,20.62849534,19.62494452,female
0.249792,0.01,3.00957771,0.270352634,female
0.994525,0.99,76.38153365,0.002503912,male
0.493489,0.01,0.887387387,17.0954955,female
0.144054,0.71,4.638533178,1.115250291,male
0.00549788,0.5,28.56758391,6.030238887,female
0.5,0.5,9.301683074,0.071133693,male
0.06295,0.5,0.51105473,0.002899601,female
0.147197,0.5,28.73348978,0.008380825,female
0.398383,0.51,11.84601558,0.216896345,female
0.0550196,0.97,3.714634998,1.501571778,male
0.457373,0.99,5.194642857,3.051785714,male
0.690232,0.99,0.784768212,0.464238411,male
0.250896,0.5,25.94701299,0.458701299,female
0.869272,0.99,8.490774908,0,male
0.5,0.5,12.85463659,5.787969925,male
0.266906,0.99,5.299363057,0.024567789,male
0.783678,0.99,8.310770541,1.373350362,male
0.355091,0.5,28.84113128,2.350209497,female
0.20147,0.82,7.750667175,3.775829203,female
0.212862,0.82,9.523463318,2.097157964,male
0.647761,0.99,4.533838384,0.294949495,male
0.484404,0.01,1.027467811,0.824034335,female
0.0472254,0.56,24.50194099,27.47554348,female
0.0845461,0.02,39.24978541,15.58283262,female
0.102501,0.67,53.01423027,5.688227684,male
0.0540261,0.02,2.371732817,1.455953533,female
0.223417,1,2.235062178,0.008795875,male
0.5,0.99,1.411743898,10.63176512,male
0.5,0.5,1.756668835,1.547820429,female
0.384595,0.02,0.167666917,0.179294824,female
0.0738209,0.78,7.335619048,0.315809524,female
0.335579,0.85,12.22657744,7.827597196,female
0.277622,0.03,7.507001647,1.514827018,female
0.5,0.02,23.50479134,4.350540958,female
0.00638815,0.76,3.166936791,1.032414911,female
0.239543,0.99,0.167668907,0.321542271,male
0.149572,0.5,23.1748072,6.402742074,male
0.17503,0.5,0.657142857,0.6,female
0.719209,0.06,0.355040471,0.123620309,female
0.990339,0.92,47.6123348,0.126872247,male
0.397029,0.99,4.612955906,0.161676647,male
0.0775237,0.5,34.08381089,1.868911175,male
0.20569,0.99,8.025589226,1.876767677,male
0.477125,1,7.767965368,0,male
0.5,1,14.5904928,1.480157,male
0.339977,0.87,25.05344418,7.653206651,male
0.0689769,0.5,23.1826678,125.1580289,female
0.898046,0.99,9.966965286,2.810470325,male
0.355316,0.01,0.113486203,3.803342402,female
0.44171,0.97,53.04774951,6.104500978,male
0.0935858,0.04,2.332049307,2.593220339,female
0.811382,0.01,11.56804214,3.496927129,female
0.0521475,0.5,121.2279202,7.398504274,female
0.285321,0.96,6.381160324,3.141609482,male
0.484333,0.99,13.46298789,3.374158816,male
0.312121,1,2.866019417,3.966990291,male
0.13306,0.64,5.875,7.889248705,female
0.064201,0.96,8.041019267,5.427594779,male
0.14362,0.8,0.027424094,0,male
0.0445601,0.5,17.13928219,13.95521897,female
0.187518,0.01,1.821535693,0.671865627,female
0.0118667,0.5,32.22639069,11.10521777,male
0.154506,0.5,1.635410241,0.212831585,female
0.255548,0.5,13.30189873,3.011392405,female
0.882299,0.99,28.83478735,9.372682661,male
0.445299,0.67,0.003418803,0,female
0.107977,0.5,20.72795031,17.45838509,female
0.5,0.89,0.485300383,0.193012356,male
0.100447,0.5,6.086110195,1.045859452,female
0.0591853,0.09,23.76140065,6.305103149,female
0.0742323,0.94,10.37887861,5.336418073,male
0.5,1,2.05999155,1.74313477,male
0.466506,0.99,0.514778325,0.846059113,male
0.4114,0.5,0.480371901,0.013429752,male
0.5,0,12.95595432,1.330342577,female
0.0961088,0.99,0.004352557,0.006528836,male
0.22738,0.93,1.266440259,0.158999691,male
0.117135,0.02,3.262189906,0.673224979,female
0.0821315,0.01,0.701310861,0.456928839,female
0.466338,0.4,4.102532804,0.166920964,female
0.842246,0.99,0.290479078,0.155852032,male
0.0330299,0.02,0.734221599,0.498597475,female
0.5,0.5,0.001193317,0,male
0.0914212,0.25,6.433161954,12.57969152,female
0.5,0.78,3.954012624,2.233243162,female
0.536649,0.99,1.547461369,1.222130243,male
0.276381,0.99,0.899617923,0.53073984,male
0.346187,0.93,1.339325843,6.962359551,male
0.11985,0.04,0.369294606,0.652489627,female
0.0911671,0.5,29.8432108,2.273068267,female
0.0937937,0.5,28.53866846,18.26025555,female
0.860719,0.5,24.27168234,0,female
0.5,0.08,0,0,female
0.510004,0.88,16.20098039,0.455182073,male
0.1135,0.88,52.04606365,7.836683417,male
0.147412,0.5,9.353077816,3.863821138,female
0.15451,0.96,0.66991342,1.609848485,male
0.222583,0.96,27.33972268,20.77079935,male
0.5,0.5,2.387981023,4.036900369,female
0.305243,0.56,33.95638629,0.428207307,male
0.282603,0.98,132.8776978,61.7742114,male
0.492517,0.88,9.772014475,0.013872135,male
0.023149,0.98,4.598525989,4.927075252,female
0.303439,0.26,3.675847458,2.393538136,female
0.5,0.55,7.864155251,2.827054795,male
0.580741,0.99,0.791889007,4.245464248,male
0.5,0.05,3.937417943,1.713785558,female
0.0429898,0.87,135.5537749,7.61965812,male
0.624822,0.99,20.20595457,0.936157152,male
0.283597,0.99,2.627582017,2.809842041,male
0.280126,0.5,1.469404517,0.888706366,male
0.209475,0.25,24.96815835,35.18244406,male
0.338201,0.01,0.005747126,2.296934866,male
0.5,0.89,11.03581461,2.121488764,female
0.276018,0.12,5.904936015,10.39488117,female
0.0917254,0.71,6.899761337,1.621320605,male
0.428785,0.94,13.73695705,4.728949284,male
0.5,0.61,4.315921647,11.62380713,male
0.818497,0.99,9.421143847,0.039861352,male
0.0764463,0.03,0.015609756,0.034146341,female
0.0286186,0.02,0.125942211,0.099874372,female
0.98837,0.5,84.50159067,0,female
0.847798,0.5,8.455991516,0,female
0.564494,0.99,1.816700029,1.24535316,male
0.817692,0.98,1.794339623,0.156981132,male
0.586534,0.5,0.658069558,2.859710825,male
0.0431114,0.5,6.158653846,2.773076923,female
0.70077,0.97,6.509387755,5.434693878,male
0.074345,1,66.21170105,1.162326682,male
0.343333,0.99,1.286513995,1.163867684,male
0.562168,0.01,4.281653747,1.11627907,female
0.289481,0.03,6.136675619,1.305580424,female
0.0862015,0.02,1.855458349,3.083682008,female
0.142093,0.98,49.53895706,15.53374233,male
0.274917,0.5,83.8573701,0,female
0.165749,0.5,1.151469856,8.791230693,male
0.831169,0.99,13.63197137,0.001491202,male
0.5,0.66,0.011520737,0.019585253,female
0.720045,0.02,0.56090134,0.12088916,female
0.623615,0.35,4.646935725,0.33064275,female
0.629986,0.99,31.248136,1.005368327,male
0.0727714,0.02,1.678466077,0.846238938,female
0.5,1,1.816819317,3.030391341,male
0.805847,0.93,0.446024564,0.196509373,male
0.5,0.55,0,0,female
0.382333,0.22,7.380530973,1.374336283,male
0.190945,0.45,16.64513734,0.587602079,female
0.666515,0.96,0.951401869,0,male
0.5,0.01,5.442105263,27.12894737,female
0.124755,0.99,4.635294118,1.954621849,male
0.33487,0.99,2.971300138,0.384163209,male
0.716766,0.5,84.31972428,0,male
0.15309,0.99,6.007991282,0.00108972,male
0.10596,0.02,3.325925926,16.10164609,female
0.5,1,8.822030415,2.949445129,male
0.5,0.69,31.08577195,60.87386478,female
0.924424,0.5,84.26935313,0,female
0.0390901,0.01,2.517055655,1.271454219,female
0.241694,0.99,2.263433191,13.22729434,male
0.5,0.61,11.15583756,18.33756345,female
0.972591,0.86,23.69865772,0.002684564,male
0.945413,0.5,84.11664899,0,female
0.222921,0.5,0.267341928,0.085021486,male
0.379337,0.98,0.049907579,0.055452865,male
0.5,0.5,9.258300506,1.240292628,female
0.199777,0.9,46.166295,31.05192737,male
0.12539,0.85,4.003724395,2.460583489,female
0.217399,1,2.990140424,0.077980281,male
0.912414,0.5,84.32555673,0,male
0.0954963,0.5,110.331565,13.29619805,male
0.407464,0.67,9.274875622,0.481757877,male
0.605574,0.5,12.27732463,0.519168026,male
0.083496,0.99,0.382372654,0.060656836,male
0.421318,1,7.349387755,2.940816327,male
3.31E-04,0.09,18.86074074,0.450962963,female
0.152238,0.02,44.86278195,18.55137845,male
0.5,0.5,26.66643975,8.147719537,female
0.154889,0.5,6.349130679,0.668816601,female
0.101507,0.02,7.559144126,6.245054501,female
0.3828,0.99,8.984487325,5.428679531,male
0.5,0,3.21414914,5.345602294,female
0.50227,0.12,20.44543035,1.805974564,female
0.366418,0.5,39.11265165,19.08180243,male
0.5,0.92,1.28133817,1.545344619,female
0.259169,0.99,4.800932091,5.876498003,male
0.120543,0.5,9.652493235,0.529570932,female
0.207502,0.92,0.830393487,1.704658526,male
0.131342,0.53,0.389343021,0.025431426,female
0.616678,0.99,8.698772427,5.321057602,male
0.165102,0.03,18.88297312,28.79546653,female
0.430506,0.09,12.13303769,0.087952698,female
0.192111,0.99,3.486552567,4.750122249,male
0.602164,0.04,0.320243737,0.44211239,female
0.5,0.04,0.043010753,0.030560272,female
0.957413,0.95,108.8177914,0,female
0.0947368,0.82,1.125231567,2.947758429,male
0.434336,0.99,9.006481481,6.445061728,male
0.155977,0.62,5.125611132,0.039864611,male
0.0889305,0.95,1.819126819,0.395307395,male
0.696166,0.99,22.43709226,0.002795899,male
0.58358,0.5,5.736531987,0.339646465,female
0.057624,0.06,3.382935841,4.535438361,female
0.00727674,0.04,0.619969743,0.300151286,female
0.0938448,0.92,26.5470852,4.657324365,male
0.751481,0.5,83.22416534,0,male
0.0670098,0.5,15.66350975,4.554874652,male
0.351973,0.87,4.48381213,0.062015504,male
0.231726,0.94,14.07434733,3.735527809,male
0.545595,0.99,0.502894955,0.155500414,male
0.0731664,0.02,13.33167966,9.135364989,female
0.0271066,0.5,6.429067245,0.914533623,female
0.104651,0.04,12.06762295,5.600819672,female
0.5,0.5,1.547908947,6.437268396,female
0.0790574,0.5,7.962895598,0.753001091,female
0.108499,0.99,26.91539401,0.478924863,male
0.135652,0.89,41.42096944,0.759220232,female
0.0368852,0.98,35.69458631,18.340143,male
0.293274,0.98,0.654335961,2.425712553,male
0.183221,0.06,8.089306358,5.06734104,female
0.0807928,0.02,0.868852459,0.011404134,female
0.247631,0.06,3.426648721,23.6218035,female
0.032464,0.94,20.1515062,1.723567631,male
0.208743,0.11,2.673670669,0.654802744,female
0.5,0.01,25.44833333,5.977916667,female
0.5,0.5,4.571557156,3.96669667,female
0.0137443,0.04,0.904790065,8.611472501,female
0.354506,0.99,9.628079549,7.037696646,male
0.5,0,46.1063299,1.695665731,female
0.707054,0.02,3.444478064,0.88623298,female
0.969137,1,1.548396675,0.084916865,male
0.834581,0.5,5.931268151,0.551306873,female
0.398682,0.02,5.615627966,0.108826321,female
0.0573085,0.02,3.243902439,4.483288166,female
0.0228819,0.55,15.19736264,8.471208791,female
0.252512,0.99,17.2560778,30.7321718,male
0.81991,0.94,6.435584647,2.630169592,male
0.316817,0.21,43.45576037,0.153456221,male
0.5,0.64,18.48070665,1.652254765,female
0.19364,0.98,7.346394558,0.102040816,male
0.419022,0.99,5.918634064,1.436340641,male
0.218925,0.5,6.662882096,4.991266376,male
0.166662,0.77,7.964788732,0.561971831,male
0.448599,0.94,26.18130435,1.17173913,male
0.361772,0.5,25.5375,18.703125,female
0.331156,0.99,119.2846639,2.568277311,male
0.742745,0.89,11.88808527,1.731252379,female
0.497575,0.5,1.94892916,0.081823174,male
0.5,0.01,1.850912779,3.06693712,female
0.0883677,0.5,11.512772,3.503311258,male
0.412216,0.99,15.24812299,10.289596,male
0.380923,0.99,0.983558179,1.726812816,male
0.255351,0.67,4.455301455,0.204039204,male
0.5,0.03,0.108846688,0.67438629,female
0.632119,0.99,1.400059844,6.434470377,male
0.527472,0.99,4.689247312,0.543010753,male
0.381183,0.98,6.664229765,4.221932115,male
0.141241,0.04,23.54606086,5.375989996,female
0.516286,0.5,4.279126214,2.520226537,male
0.307641,0.55,0.002192982,0,male
0.307725,0.04,2.770721206,0.040904198,female
0.567002,0.99,5.722163866,1.266281513,male
0.348975,0.99,0.302225174,0.009963467,male
0.15459,0.02,0.21304791,0.234454638,female
0.00771126,0.02,0.010471204,0.017452007,female
0.12864,0.99,5.122333752,1.109473024,male
0.331156,0.99,119.2846639,2.568277311,male
0.02842,0.87,4.938169575,2.053259871,male
0.0675544,0.82,7.101427868,0.034958149,male
0.460654,0.86,18.40340909,8.215435606,female
0.127951,0.02,1.143708609,1.141059603,female
0.190502,0.02,1.669477234,3.676222597,female
0.691557,0.98,0.335699797,2.26673428,male
0.407791,0.5,3.414595284,3.824091778,male
0.617812,0.18,3.468526466,0.903075823,female
0.250067,0.93,22.94540613,3.927097204,female
0.605852,0.98,41.14773073,0.956442278,male
0.365064,0.5,3.989819005,0.015837104,male
0.71505,0.5,20.03102837,2.19858156,male
0.5,0.5,17.79166667,0.808441558,male
0.5,0.99,3.853503185,4.869594368,male
0.0330986,0.02,0.162735043,0.358974359,female
0.564036,0.99,0.627983294,0.037291169,male
0.057671,0.08,6.130632493,0.815626292,female
0.0759467,0.31,69.21705426,0.11480251,female
0.153711,0.03,3.916959887,2.630893737,female
0.134098,0.04,6.718015666,3.317885117,female
0.0882879,0.5,70.05424063,0.516107824,female
0.5,1,2.307503075,46.69311193,male
0.513279,0.99,13.7657411,2.093077826,male
0.0811221,0.12,0.261001517,0.331562974,female
0.130363,0.68,25.47655748,30.24084778,male
0.5,0.03,3.418234443,0.837916064,female
0.658903,0.97,36.5308568,11.54044338,male
0.576985,0.98,0.560395315,0.871888726,male
0.0157867,0.5,4.168199027,1.6003245,female
0.286063,0.02,5.637995512,2.904263276,female
0.618675,0.99,12.89435014,2.091715227,male
0.218207,0.82,0.403184713,1.776433121,male
0.213743,0.99,56.81689476,22.22699387,male
0.377172,0.5,86.84454605,1.760613978,male
0.143932,0.5,3.900406504,8.567073171,female
0.349785,0.88,1.223484848,0.493112948,male
0.285283,0.5,0.768738574,2.143510055,male
0.262442,0.05,0.11545089,0.089029294,female
0.5,0.02,0.843469591,0.478231971,female
0.46401,0.99,1.311860553,0.245547556,male
0.290161,0.55,1.786521084,1.217996988,female
0.107238,0.97,86.44985673,0.073424069,male
0.139201,0.25,1.568829594,1.033959976,female
0.139378,0.5,1.339970501,0.932890855,male
0.271732,0.97,0.155281467,0.022137887,male
0.141131,0.5,15.33318505,0.578736655,male
0.65859,0.5,1.378686965,0.248334919,male
0.0793963,0.5,32.50281849,0.225854942,male
0.215208,0.88,0.664076509,0.204423192,male
0.64858,0.5,9.003683995,0.288988948,male
0.282767,0.97,0.030978934,0.4622057,male
0.268446,0.69,1.84978372,1.440817932,male
0.806275,0.99,3.289701636,1.309913378,male
0.346325,0.75,157.3105263,57.28421053,female
0.196717,0.86,13.16666667,7.230220493,female
0.00733069,0.28,3.248346362,1.871316897,female
0.219058,0.78,86.73407545,0.385899814,male
0.402776,1,6.139132748,0.189412078,male
0.5,0.02,1.85088293,3.389797253,female
0.427097,0.99,77.56167697,7.571351787,male
0.655499,0.99,5.946500778,1.767651633,male
0.384673,0.99,24.80022659,1.966389728,male
0.748798,0.99,0.694541813,0.302453681,male
0.583584,0.02,27.16031281,26.10557185,female
0.189622,0.5,3.632938644,4.421959096,female
0.252012,1,8.005671748,2.835873804,male
0.0702186,0.81,94.65347247,65.94170565,male
0.0469284,0.35,10.44745057,1.234131113,female
0.013976,0.4,19.50081301,15.8699187,male
0.219915,0.98,14.28758465,1.012641084,male
0.190278,0.99,79.4416476,32.58855835,male
0.563922,0.99,6.802301255,0.319560669,male
0.5,0.5,4.324035608,3.562611276,female
0.0332259,0.99,5.072900158,2.770206022,male
0.0382884,0.97,2.156074766,1.938785047,female
0.168259,0.5,10.02758275,0.01003009,female
0.510889,0.69,4.416263311,2.061471442,female
0.450858,0.75,4.933333333,0.711794872,male
0.24349,0.99,0.268792711,0.008731967,male
0.167478,0.29,2.000558347,1.215522055,female
0.427097,0.99,77.56167697,7.571351787,male
0.681777,0.99,60.91405862,3.407848982,male
0.530455,0.68,0.00115307,0,female
0.0722836,0.99,1.313632314,0.349272349,male
0.5,0.63,30.07660925,1.160018132,male
0.143907,0.5,10.47919463,1.340939597,female
6.24E-05,0.5,4.379550102,0.828629857,male
0.768568,0.5,0.361856647,0.141458794,male
0.106133,0.02,11.91921249,22.20366599,female
0.488422,0.16,1.0997921,0.219334719,male
0.168977,0.05,8.092874029,4.629179331,female
0.0246831,0.03,0.974205159,0.640671866,female
0.243729,0.93,16.1,6.309090909,male
0.0726112,0.61,0.709742216,0.881151657,male
0.405333,0.02,1.745345745,6.142952128,female
0.0947005,0.5,11.87773795,2.58781362,female
0.0957182,0.41,5.628940731,0.410466583,female
0.164566,0.98,1.981818182,1.177827051,male
0.5,0.07,0,0,female
0.199847,0.02,13.22103148,5.406563965,female
0.695747,0.14,3.733153639,1.80293501,female
0.546797,0.99,9.797301349,1.554122939,male
0.5,0.5,9.369339623,14.47830189,female
0.642112,0.99,73.20717131,28.56972112,male
0.598721,0.99,66.9909224,75.66266471,male
0.5,0.94,0.29375,0.959375,male
0.617187,0.5,418.1211832,19.42652672,male
0.376454,0.02,1.73828125,4.538085938,female
0.283215,0.5,17.49630724,4.117429838,female
0.331156,0.99,119.2846639,2.568277311,male
0.388065,0.05,2.140212864,15.48310967,female
0.5,0.5,5.167381974,0.136266094,female
0.111525,0.03,3.724992258,1.186745122,female
0.931818,0.5,0.865706501,0.333982094,female
0.5,0.5,15.50552666,1.461963589,male
0.449056,0.67,48.06635945,0.00921659,male
0.0681478,0.02,1.226007109,0.512440758,female
0.570519,0.99,2.360942975,0.128066263,male
0.629776,0.99,1.029332535,0.540856031,male
0.198347,0.77,9.834160463,3.461952026,male
0.767222,0.96,20.50396448,0.147478592,male
0.5,0.03,9.831368529,3.230650948,female
0.394805,0.96,0.011254019,0.90192926,male
0.047483,0.5,3.579777365,5.784786642,female
0.5,0.99,1.62749616,10.25115207,male
0.5,0.5,146.4340836,215.5873526,female
0.436902,1,13.82783883,6.786324786,male
0.177518,0.96,26.15881604,1.356142584,male
0.779622,0.88,17.39350406,1.266083698,male
0.510871,0.02,0.79254997,5.591459721,female
0.759072,0.98,3.132497274,0.015267176,male
0.0424974,0.02,3.289933695,1.066907776,female
0.0692715,0.02,15.99701493,5.775266525,female
0.5,0.03,3.351059036,1.740874268,female
0.139639,0.04,13.31216458,12.43112701,female
0.580425,0.5,24.12957158,0.002089864,female
0.5,0.99,5.3,1.334375,male
0.508653,0.73,1.919813157,0.554690541,male
0.267796,0.5,0.928985507,0.417681159,male
0.427372,0.5,12.80313901,9.249327354,female
0.496464,0.5,2.152918782,0.585025381,male
0.127782,0.88,15.2822605,0.510728317,male
0.5,0.98,8.259803922,0.640686275,male
0.164028,0.41,0.381566226,0.005478569,male
0.0474359,0.01,1.313915858,0,female
0.714551,0.99,0.635648755,0.038881608,female
0.5,0.99,4.96345515,8.158519222,male
0.338878,0.5,13.05844907,20.20949074,male
0.5,0.58,0,0,male
0.46643,1,4.853728489,10.39053537,male
0.311412,0.69,18.42041399,1.827980014,male
0.950012,0.98,13.9328942,0.150679292,male
0.0886014,0.01,5.527749491,2.321537678,female
0.113235,0.5,3.079931973,27.68843537,male
0.588383,0.02,3.751485495,3.090527787,female
0.105352,0.5,8.385245902,6.409205549,male
0.592537,0.03,2.808741648,0.184020045,female
0.0548491,0.8,129.4375259,0.452885015,male
0.444386,0.88,7.173931443,0.866694879,male
0.166218,0.06,2.158167036,0.152993348,female
0.331156,0.99,119.2846639,2.568277311,male
0.218489,0.98,0.009018568,0.007427056,male
0.678069,0.88,76.56144853,0.119760479,male
0.68316,0.99,6.607704004,0.404967055,male
0.462014,0.5,16.06828528,16.29969651,male
0.0960301,0.99,1.460980563,0.103278213,male
0.5,0.5,0,0,male
0.5,0.5,0.054229935,0.001084599,male
0.205313,0.08,0.006378455,0.019135365,male
0.492984,0.02,8.211229947,2.100076394,female
0.446688,0.99,0.072763029,0.037364798,male
0.678726,0.99,6.948675497,0.008830022,male
0.0843931,0.18,4.195472115,5.844284925,female
0.159575,0.88,10.06861989,1.590593678,female
0.5,0.63,0.006531205,0.002177068,male
0.9957,0.83,22.1290429,6.656765677,male
0.178704,0.99,19.72492335,8.76E-04,male
0.644531,0.67,1.521259331,0.53002272,male
0.0823176,0.99,3.77074774,1.584634347,male
0.5,0.96,4.133882149,7.571057192,female
0.5,0.03,36.91464567,7.487874016,female
0.475462,0.94,0.003420753,0,male
0.104789,0.05,0.706558773,0.727427598,female
0.0404941,0.5,6.717436975,11.92069328,female
0.054645,0.02,45.9805039,0.01169766,female
0.306647,0.5,1.883478985,0.872659176,male
0.5,0.5,39.36817473,8.737909516,male
0.5,0.5,6.599090318,2.443144899,female
0.5,0.5,10.02877335,7.525492176,female
1.79E-05,0.91,2.52901598,1.169049622,female
0.227763,0.9,1.116901408,0.057746479,female
0.16086,0.42,56.30342857,15.67942857,female
0.00886112,0.01,3.861502347,8.924882629,female
0.285583,0.98,0.025581395,0.004651163,female
0.695569,0.99,2.71519353,0.172732525,male
0.338977,0.99,2.988895743,0.471005552,male
0.53619,0.67,21.75706806,47.65235602,male
0.5,0.97,0.916866507,4.447641886,male
0.352112,0.99,7.280885781,0.941433566,male
0.22833,0.5,9.895421142,8.520915772,male
0.367898,1,47.21395544,14.17696511,male
0.083274,0.5,18.14270669,0.439705108,female
0.836939,0.98,8.385557432,7.076435811,male
0.231011,0.02,0.185650888,0.12352071,female
0.321177,1,4.312222222,0.91,male
0.487065,0.5,19.88404197,0.557979017,male
0.140254,0.95,26.50526316,10.37894737,male
0.74897,0.01,1.312933025,0.478060046,female
0.688838,0.99,0.070881226,0.056321839,male
0.222828,0.5,8.904836193,0.028471139,female
0.139812,0.5,25.47853881,0.649923896,male
0.0732092,0.93,6.600637704,0.242726186,female
0.0619009,0.57,1.765737874,13.50154799,male
0.525371,0.99,32.40228742,11.74589756,male
0.333081,0.99,0.547695606,7.587352626,male
0.429138,0.56,32.29098517,3.41536706,female
0.5,0.01,0,0,female
0.0340906,0.02,0.328408328,1.339153794,female
0.373319,0.98,10.93554007,0.920607267,male
0.756217,0.5,2.643797644,1.738738739,female
0.486967,0.5,6.920677966,1.501016949,male
0.361133,0.99,64.29752883,0.192751236,male
0.182308,0.79,8.473219912,3.244486452,male
0.0904028,0.02,2.548843188,2.335475578,female
0.5,0.5,3.384934568,0.466007022,female
0.877012,0.5,11.06173328,3.255243372,male
0.031162,0.97,8.902904564,2.177593361,female
0.5,0.99,0.619885614,0.267047954,male
0.192161,0.69,12.14588529,1.968412303,female
0.247525,0.99,0.648802274,0.004060089,male
0.898974,0.98,7.060918187,0.875220718,male
0.00907299,0.5,10.00951531,0.042818912,male
0.5,0.5,0.110509209,0.047670639,female
0.249352,0.06,1.270894582,0.190256195,female
0.0552257,0.5,6.433146924,2.319776309,female
0.19225,0.8,5.343734015,1.589769821,male
0.0908163,0.5,2.93605751,6.625804011,female
0.681844,0.99,8.444661713,1.72272194,male
0.398268,1,4.209975369,5.592672414,male
0.205472,0.97,4.128205128,3.330680813,male
0.5,0.71,0.025906736,0.007772021,male
0.5,0.98,0,0,male
5.38E-04,0.99,0.559721011,0.004649811,male
0.397481,0.5,13.34016393,0.709601874,male
0.124921,0.04,34.71810972,1.490416391,female
0.0646062,0.77,8.536918138,0.894863563,female
0.5,0.5,18.00526064,0.486370158,female
0.907241,0.04,27.58883249,6.092863541,female
0.0259506,0.5,30.80601852,15.75601852,male
0.00929069,0.99,17.71032409,22.04944871,male
0.151331,1,5.353639241,3.728639241,male
5.81E-04,0.5,25.88994307,0.016129032,male
0.36961,0.99,3.727743271,3.044513458,male
0.730859,0.99,5.600717274,11.22115959,male
0.858428,0.97,26.73318182,20.69863636,male
0.141328,0.02,9.971592626,4.806588093,female
0.462163,0.99,6.256279435,3.242150706,male
0.5,0.02,7.684082625,2.270959903,female
0.423595,0.5,30.37270588,2.621176471,male
0.5,0.68,7.517414861,0.166408669,male
0.5,0.5,0.0084246,0.461668071,female
0.227621,0.02,1.326509186,2.054068241,female
0.643458,0.99,1.477014925,0.319402985,male
0.0565147,0.02,7.579028527,6.303006939,female
0.579643,0.89,0.044071354,0,male
0.48614,0.99,7.008754209,0.083838384,male
0.325517,0.02,1.690233673,1.534152187,female
0.532085,0.99,10.67326733,0.16369637,male
0.950204,0.99,5.880827315,0.071897571,male
0.813235,0.99,1.727436823,0.361913357,male
0.512793,0.99,46.42771446,0.130473905,male
0.384007,0.94,20.64513557,11.20653907,female
0.413553,0.98,0.670533643,0.443155452,male
0.0149014,0.91,8.023885918,4.343672014,female
0.219693,1,2.055411704,0.008803729,male
0.758458,0.62,2.253782966,0.644185041,female
0.0229156,0.05,1.092889908,6.490252294,female
0.5,0.02,13.7031746,0.007142857,female
0.103356,0.5,14.15339919,13.95409646,female
0.319408,0.99,1.440669621,4.313638602,male
0.0961126,0.5,18,0.092105263,female
0.0610274,0.02,0.279776989,0.01926001,female
0.480622,0.5,3.761061947,0.204471355,male
0.141547,0.08,3.346958175,44.24334601,female
0.5,0.98,6.65109269,0.987565938,male
0.0740237,0.03,24.90884194,2.69600939,male
0.0017837,0.02,15.29831933,10.27836134,male
0.5,0.02,9.362548398,8.767335445,female
0.933678,0.5,310.4257796,2.007484407,female
0.89769,0.99,6.722452361,0.636564485,male
0.65508,0.5,7.110280374,0.145794393,female
0.00543266,0.19,1.818181818,0.330097087,female
0.213342,0.99,2.133202742,1.952987267,male
0.729756,0.5,34.32801556,0.176653696,male
0.649349,0.99,20.40997298,12.39400639,male
0.812348,0.5,0.795822454,0.349869452,male
0.160815,0.4,62.91151031,19.23087159,female
0.0939828,0.5,1.705217391,0.707536232,male
0.207944,0.99,5.54840827,2.028880866,male
0.219848,0.5,2.192063492,0.234126984,male
0.234896,0.5,4.988427144,22.63755918,male
0.326822,0.02,16.56732496,13.64201077,female
7.65E-04,0.87,10.97405486,1.207561156,male
0.0347164,0.5,3.755253399,0.283992583,female
0.268739,0.99,12.24020783,3.681454836,male
0.176666,0.98,28.47332859,87.00533428,male
0.5,0.5,5.032432432,0.857657658,female
0.737585,0.98,40.35370019,17.40379507,male
0.021685,0.04,104.4939356,1.937264743,male
0.352747,0.99,1.68559499,0.984133612,male
0.5,0.5,18.20661157,39.20050305,male
0.5,0.16,4.848030019,0.995309568,female
0.5,0.91,1.447876448,0.185714286,male
0.862102,0.93,1.22264009,0.33245581,male
0.492407,0.98,35.54649565,0.254237288,male
0.5,0.98,9.068503937,0.013385827,male
0.259526,0.02,5.532850023,17.33846851,female
0.216081,0.5,37.48484848,120.7260606,male
0.392502,0.02,3.407750145,0.250722961,female
0.178867,0.02,4.946584939,12.84238179,female
0.5,0.99,13.66983373,0.010292953,male
0.332712,0.02,4.951104101,3.404968454,female
0.5,0.01,25.44833333,5.977916667,female
0.5,0.69,0.005772006,0.007215007,male
0.281416,0.98,1.270209581,14.53218563,male
0.764858,0.99,4.627866724,2.109043704,male
0.811318,0.99,2.074992531,0.088138632,male
0.273127,0.5,12.41780822,2.419863014,female
0.056001,0.5,34.69683414,0.21541638,female
0.273102,0.02,29.68727972,0.522588914,female
0.5,0.99,2.009450945,1.372187219,male
0.317332,0.5,3.907578558,13.34565619,female
0.998232,0.88,48.89414802,0,male
0.5,0.02,20.31371237,4.306354515,female
0.4828,0.99,6.845264317,17.06332599,male
0.967509,0.5,2.806407323,7.563386728,female
0.100359,0.63,0.412844037,0.844036697,female
0.5,0.25,0,0,male
0.239805,0.99,2.732872769,0.801957398,male
0.20844,0.02,3.784743412,0.466851595,female
0.5,1,0.18136646,0.001242236,female
0.346544,0.58,10.79765674,0.704243192,male
0.274419,0.99,5.614549839,1.110932476,male
0.229545,0.01,0.027653214,0.007473842,female
0.476777,0.28,20.63544106,0.043715847,male
0.00960798,0.03,0.202038925,0.012974977,female
0.145035,0.5,1.697792869,2.066213922,female
0.723182,0.99,0.419949969,0.153533458,male
0.0114702,0.5,20.91754386,10.14122807,female
0.615029,0.5,4.603158934,0.131293189,male
0.4153,0.01,174.0372566,0,female
0.0613329,0.8,14.67026793,0.937337943,female
0.202552,0.59,13.67081851,14.66992883,male
0.0549526,1,0.921966446,0.121342177,male
0.0570472,0.01,2.652196653,2.394874477,female
0.275361,0.99,2.064602961,18.45266936,male
0.752686,0.76,11.76676265,13.09584533,male
0.565953,0.5,10.01047577,1.459624618,male
0.570853,0.99,6.539371685,19.25499796,male
0.209584,0.02,11.74942879,6.583015994,female
0.507312,0.99,1.949140652,0.810592774,male
0.944509,0.99,2.572540046,0.026086957,male
0.554275,0.6,0.853394181,0.523673702,male
0.857138,0.5,57.50775783,22.56921205,male
0.29239,0.99,16.77290705,12.17996045,male
0.0335018,0.01,3.071618037,9.873563218,female
0.246051,0.99,0.552143992,0.052938062,male
0.254831,0.99,14.98220974,195.4157303,male
0.5,0.5,4.306673459,1.692307692,male
0.505911,0.86,41.67787971,4.653754672,female
0.505911,0.86,41.67787971,4.653754672,female
0.505911,0.86,41.67787971,4.653754672,female
0.505911,0.86,41.67787971,4.653754672,female
0.0642983,0.02,4.068485028,0.131930033,female
0.505911,0.86,41.67787971,4.653754672,female
0.505911,0.86,41.67787971,4.653754672,female
0.505911,0.86,41.67787971,4.653754672,female
0.505911,0.86,41.67787971,4.653754672,female
0.505911,0.86,41.67787971,4.653754672,female
0.505911,0.86,41.67787971,4.653754672,female
0.0497988,0.71,0.664438503,1.080213904,female
0.505911,0.86,41.67787971,4.653754672,female
0.505911,0.86,41.67787971,4.653754672,female
0.505911,0.86,41.67787971,4.653754672,female
0.130411,0.02,0.318355641,0.605162524,female
0.505911,0.86,41.67787971,4.653754672,female
0.505911,0.86,41.67787971,4.653754672,female
0.564816,0.99,5.976097039,0.450231894,male
0.505911,0.86,41.67787971,4.653754672,female
0.505911,0.86,41.67787971,4.653754672,female
0.505911,0.86,41.67787971,4.653754672,female
0.851163,0.02,5.747020262,5.020262217,female
0.506979,0.98,23.92942584,2.341706539,male
0.5,0.81,0,0,male
0.130327,0.04,7.806413302,9.929928741,female
0.3911,0.92,0.052287582,0.065359477,female
0.5,0.02,0.052723059,0.246234067,female
0.232111,0.62,4.9056806,1.601286174,male
0.575669,0.87,34.9167046,16.50568958,male
0.151134,0.5,1.582066869,0.21550152,male
0.127404,0.99,0.464594128,1.278929188,male
0.565548,0.5,1.851902174,1.545742754,male
0.229221,0.5,37.66790123,3.132716049,female
