prediction_gender,probability,status/day,status count,favorite count,follow/friend,follower count,gender
f,0.75,94.19763092,151093,0,5.266666667,79,male
m,0.95,7.33546483,14913,94,1.971163749,1914,male
m,0.95,0.56680037,1837,1022,4.069767442,700,male
f,0.95,36.70020394,53986,63162,0.571974522,898,female
m,0.75,10.73719677,31868,19196,1.586345382,790,female
m,0.75,16.54191263,42033,14436,1.749445676,1578,female
f,0.75,6.960969597,16943,1748,1.537037037,166,female
m,0.95,0.035347044,110,6,0.291139241,23,male
m,0.95,0.015825915,16,0,0.219178082,16,male
f,0.95,11.44161359,21556,44371,1.095156135,4454,female
f,0.75,0.40874036,477,385,0.297029703,90,female
f,0.75,1.036749482,2003,2198,73.56410256,2869,male
m,0.75,1.335675254,3422,395,0.201086957,74,male
f,0.75,0.160839161,276,4026,0.734597156,155,female
m,0.95,19.18435754,37774,132,1.035164503,6859,male
m,0.75,26.72401216,87922,2031,1.330532213,475,female
m,0.95,5.536129822,18081,17635,0.525762355,500,male
m,0.75,9.255332303,29941,54,0.704647676,1410,male
m,0.75,2.834752981,4992,856,0.827468785,729,male
m,0.95,27.86355082,88829,94,3.48245614,1588,male
f,0.95,0.779003877,2612,859,0.618453865,248,female
m,0.95,3.481818182,11490,78,4.303571429,964,male
m,0.95,3.943779904,9891,8,0.793786824,1482,male
m,0.75,14.54686328,58202,1685,14.93437946,20938,male
f,0.75,6.211663067,14380,12788,1.00795756,380,female
m,0.75,4.089338598,8285,17354,1.034632035,239,female
m,0.95,5.879271071,15486,4699,1.374871001,5329,male
m,0.75,16.36169371,41346,1286,3.132721202,3753,female
m,0.95,8.050104384,7712,2169,1.063909774,283,female
m,0.75,1.341726619,2238,1253,0.617886179,76,male
f,0.75,0.265409229,788,165,5.7890625,741,female
f,0.75,33.04945262,87548,1187,1.75530303,2317,male
m,0.75,15.53662842,17603,0,0.571129707,273,female
f,0.95,0.313211845,550,33,0.421052632,16,female
m,0.75,48.47617472,146495,15364,1.676470588,2109,male
f,0.75,2.597242035,5462,1802,0.561889251,345,female
f,0.75,27.96595745,26288,32718,0.617647059,1764,female
f,0.95,19.4553094,25467,58,1.085405405,1004,female
f,0.95,4.576203209,3423,4903,0.291866029,61,female
m,0.75,4.593103448,8658,25910,0.872964169,268,female
f,0.75,5.534998548,19057,16042,0.394248053,658,male
m,0.95,0.15323295,173,143,0.343137255,35,male
m,0.75,5.302024747,9427,1056,1.080152672,283,female
f,0.95,5.772307692,13132,8128,0.769230769,90,female
f,0.95,63.6654321,103138,92,12.53846154,489,female
m,0.75,1.733447002,6100,117,2.327306444,5020,male
f,0.75,1.447756081,4226,3029,0.988465975,857,male
f,0.95,9.137587238,18330,4956,1.093711467,1774,male
f,0.95,173.9394629,382145,0,15.70909091,864,female
m,0.75,37.35672228,76133,10290,34.00480769,14146,female
m,0.95,16.78836281,58860,5508,0.848648649,785,male
f,0.95,2.261690926,7303,7973,1.126373626,205,female
f,0.95,1.202848345,3125,491,0.267082506,942,female
f,0.95,42.06684028,48461,37326,1.539160045,1356,female
f,0.75,2.037558685,2604,4055,0.397297297,294,female
f,0.95,0.990574374,3363,1903,1.561205273,829,female
f,0.95,1.805003427,5267,3147,0.993630573,780,female
m,0.95,63.91963861,134423,658,1.251569604,5781,male
f,0.75,36.77452866,95577,1040,1.087769784,1512,female
f,0.95,0.00933184,25,9,0.954545455,84,female
f,0.75,45.77904103,92611,49603,13.49454545,3711,male
m,0.95,28.22281481,95252,5742,0.986139807,34365,male
m,0.75,146.4921914,290787,1,1.180257511,275,male
f,0.75,6.419694073,20145,854,1.024414063,1049,female
m,0.75,0.364939024,1197,82,0.453914141,719,male
f,0.95,0.895074089,2235,13077,1.438888889,777,female
m,0.75,18.27943485,46576,917,1.588766299,1584,female
m,0.75,0.469548134,717,2216,0.685863874,131,female
m,0.75,50.71343402,127595,166,1.001030907,49522,male
m,0.95,8.937554969,10162,3911,0.929177057,3726,male
m,0.75,2.263180828,5194,8399,0.978417266,136,female
m,0.95,1.298989899,3215,640,0.673724735,700,male
m,0.95,23.72394831,86284,1427,2.116042441,63221,male
f,0.95,15.11713933,49040,16711,2.142180095,452,female
f,0.75,0.00844773,8,0,0,0,female
m,0.95,6.29315197,13417,8484,1.34765625,345,male
m,0.95,26.77969613,77554,19606,1.008814103,1259,male
m,0.95,4.174061433,11007,355,10.564,2641,male
f,0.75,1.118178983,3586,888,0.536585366,220,male
f,0.75,22.46637744,51785,12632,0.670692432,833,male
f,0.75,0.223674655,308,15,0.203225806,63,female
f,0.95,5.503849444,12868,648,1.188405797,492,female
m,0.95,0.780518264,2500,3114,1.690566038,896,male
m,0.95,0.993762994,1434,842,0.360294118,49,male
m,0.95,1.323584906,4209,866,1.564356436,474,male
f,0.75,9.969265367,13299,23713,10.54,527,female
f,0.75,7.854695806,13298,20777,1.226600985,249,female
f,0.75,15.21204595,48998,1380,1.348101266,426,female
f,0.75,5.214308733,16180,293,0.444921316,311,male
f,0.95,9.956441149,21486,12874,2.421097955,11246,female
m,0.95,38.01996086,97141,500,2.498583569,882,male
m,0.95,73.12908125,96311,96,8.1,405,male
m,0.95,15.35501654,55708,29683,75.42240403,599231,male
m,0.95,27.41093621,33085,5395,1.036645161,4017,male
m,0.95,0.016842105,8,3,0,1,female
m,0.75,1.261264822,3191,2065,0.268229167,103,male
m,0.95,8.278822816,27287,277,1.010260986,4529,male
m,0.75,0.264760148,574,669,1.068493151,78,male
f,0.95,28.20986842,85758,38672,2.149494949,1064,female
f,0.95,6.482668411,9912,3942,0.611666667,367,female
m,0.95,1.559118236,5446,1376,2.375280899,1057,male
f,0.75,3.716067864,7447,8993,0.855696203,338,female
m,0.75,3.168224299,3390,364,1.734693878,255,female
f,0.95,63.6654321,103138,92,12.53846154,489,female
f,0.75,8.413488559,20958,84761,0.400681597,823,female
m,0.75,1.828253707,4439,219,0.836134454,398,male
f,0.95,12.67083333,15205,2,41.23809524,7794,female
m,0.75,0.864276569,1350,2528,0.796178344,125,female
f,0.95,1.460877863,1531,1190,0.621621622,46,female
m,0.75,47.55357865,117600,149091,2.370122192,6013,male
m,0.75,2.207091056,2739,19,0.867376573,896,male
f,0.75,18.91874736,44705,27959,3.057761733,847,female
m,0.95,0.902377972,3605,1215,0.910211268,1034,male
m,0.95,11.00459184,21569,5388,0.693042292,1016,male
f,0.75,22.70803859,35311,12876,2.27016129,1689,male
m,0.75,9.508446866,17448,13911,0.657200811,324,male
f,0.95,3.367021277,3798,1928,1.045627376,275,female
m,0.75,2.238181818,1231,65,7.75,62,female
m,0.75,3.158674804,3623,238,0.85106383,40,male
m,0.95,2.824180166,7148,1545,2.869688385,2026,female
m,0.95,8.153764205,22961,2389,4.312599681,2704,male
f,0.75,3.155363748,10236,410,1.00921659,219,female
m,0.95,89.333787,262552,9661,1.177445187,127920,male
m,0.95,8.278822816,27287,277,1.010260986,4529,male
m,0.75,16.72524662,45777,9404,11.73529412,17955,male
m,0.95,2.8632532,9171,6974,0.749672346,572,male
m,0.75,22.25787106,74230,21604,12.21927711,10142,male
m,0.75,83.81648936,157575,0,0,61,female
m,0.95,1.651954603,5240,1145,3.695464363,5133,male
m,0.75,4.70173305,15464,3728,1.875251509,932,male
m,0.95,36.24811732,91454,10811,10.83196721,2643,male
m,0.75,33.87021277,63676,0,0,16,female
m,0.95,3.177713737,6616,3262,0.87173913,401,male
f,0.75,12.58491947,17191,54951,1.434782609,429,female
m,0.95,45.47570948,94544,2539,7.481481481,2424,male
f,0.75,31.21613031,78571,60410,3.159047619,3317,female
f,0.95,6.922944616,20125,19942,1.018800813,2005,female
f,0.75,1.958273894,5491,84,1.409946237,1049,female
m,0.95,9.620485883,29304,21,0.948837209,612,male
m,0.75,70.3697479,8374,5262,1.159727947,5627,male
f,0.95,72.12138344,216869,3,0.956653341,16751,female
m,0.75,6.706984668,7874,5037,0.501453488,345,male
m,0.75,84.63670213,159117,0,43,43,female
m,0.75,0.002560819,2,0,0,0,female
f,0.75,18.1934193,40917,6201,1.104925054,516,male
m,0.75,28.44518126,64343,30466,2.389027431,958,male
f,0.95,63.77966102,237069,69,1.133099907,24271,female
m,0.95,1.235955056,1650,2377,0.816849817,223,male
f,0.75,1.665821179,5254,2207,24.26844015,20070,female
f,0.95,2.187669173,7274,2462,0.708894879,789,female
f,0.75,5.009168304,7649,684,2.348993289,350,female
m,0.75,0.632342778,1830,18,0.314606742,168,male
f,0.75,1.204786428,3977,7904,0.316154609,319,female
m,0.95,4.155495979,3100,8824,0.294117647,45,male
f,0.95,39.48205823,58315,17017,3.404494382,606,female
m,0.95,0.066438876,175,268,0.434782609,60,male
m,0.75,86.17400531,162438,0,0,75,female
m,0.75,0.236363636,793,194,0.777777778,56,female
m,0.75,10.41650165,15781,33522,1.058169376,1237,male
m,0.75,33.76079734,101620,421,1.252346194,1201,male
m,0.75,3.253401875,10759,661,0.961432507,349,female
m,0.75,2.810676598,4528,0,0.773942635,1592,female
f,0.75,16.61468722,54978,26852,0.929963899,1288,female
f,0.95,0.006968641,4,0,0,0,male
m,0.95,9.122393822,23627,8776,1.83974359,861,male
f,0.95,19.53074434,30175,11526,1.337190083,1618,female
f,0.75,0.316759537,739,524,0.67032967,122,female
m,0.95,1.903758542,3343,2584,0.305832148,215,male
m,0.95,2.556538462,6647,820,1.625641026,1585,male
m,0.75,0.632640587,1035,237,1.616541353,215,male
f,0.75,0.929849176,2651,10181,0.706185567,137,male
f,0.75,6.69628483,21629,9723,1.118918919,207,male
m,0.75,34.94115044,78967,19279,0.923190029,39555,male
m,0.75,22.34093212,44101,41738,1.11341853,697,female
m,0.75,0.132756133,368,110,0.395604396,252,female
m,0.95,11.61279461,37939,1,1.224899598,610,male
f,0.75,5.9363581,19495,3816,1.58490566,420,male
f,0.75,20.55910543,19305,9864,0.841145833,323,female
f,0.95,4.1286582,7477,2653,0.919075145,318,male
m,0.75,74.97292994,141249,0,135,135,female
m,0.75,2.86512866,6458,2996,0.755102041,185,male
m,0.95,2.772865854,7276,2118,1.011456628,618,male
m,0.75,2.039339339,6791,146,4.4375,781,male
f,0.75,1.246034974,3064,7814,1.705426357,660,female
m,0.75,30.47315315,84563,40946,3.652866242,2294,male
m,0.75,1.399228258,4714,248,0.525862069,183,female
f,0.95,3.872050817,8534,19955,0.669316375,421,female
f,0.75,3.461538462,3465,1273,1.111111111,100,male
m,0.95,1.691211401,2848,4478,0.2228739,76,male
m,0.95,52.36950549,152500,1,1.354233085,3823,male
m,0.95,1.903988183,1289,44,0.598214286,67,male
f,0.75,7.72303207,7947,3603,0.770642202,168,female
m,0.75,9.979002625,19010,61400,1.36627907,470,female
f,0.95,0.239937107,763,892,0.409836066,100,female
m,0.75,3.641809291,8937,3032,0.923976608,316,male
m,0.75,9.424164524,10998,11708,0.886559803,719,female
m,0.75,7.293129771,23885,4559,0.344051447,214,female
f,0.75,0.4,658,49,0.517073171,106,male
f,0.95,8.374074074,11305,5,0.910780669,245,female
m,0.75,0.647007042,735,1,0.027272727,6,male
m,0.95,0.037168142,63,274,0.5625,9,male
f,0.75,0.534900808,728,2772,2.222972973,329,female
f,0.75,6.492403932,21795,17754,0.74676525,404,female
m,0.75,0.65171504,741,1,0.037974684,9,male
m,0.75,1.071471292,3583,283,0.483231707,317,female
f,0.75,11.6108739,40789,5188,0.859919571,1283,male
f,0.75,80.84637893,110517,70,25.47777778,2293,female
f,0.75,33.38931955,38765,19814,0.698458975,1677,male
m,0.75,5.16729465,6857,9787,0.724264706,394,female
f,0.95,8.760310187,24853,26231,0.966338583,4909,female
m,0.75,48.497743,161158,341569,3.308943089,2035,male
m,0.75,5.972628421,15929,1591,0.924460432,257,female
m,0.75,1.874683544,2962,1786,1.185819071,485,male
m,0.75,0.125,1,0,0,1,female
m,0.75,3.351468988,3080,4693,1.30625,209,female
f,0.75,2.280566802,5633,251,1.056,132,male
m,0.75,14.47519841,29182,26440,2.562248996,638,female
f,0.95,1.489453125,3813,1246,0.241830065,74,female
f,0.95,0.495297806,474,149,0.266846361,594,female
f,0.95,3.172413793,1012,164,1.274193548,79,female
m,0.75,25.61164359,72148,1102,2.058646617,1369,female
m,0.95,4.459368421,10591,61,1.47133758,231,male
f,0.75,4.259338314,3991,1,27.91666667,335,male
f,0.75,36.45363709,91207,4064,0.594262295,725,female
f,0.95,0.688808007,2271,154,0.888059701,357,female
f,0.95,3.771368167,12487,3682,3.085649887,8214,female
m,0.75,43.09671848,49906,855,0.21842863,1062,male
m,0.95,10.90827947,35441,5537,0.879310345,306,male
m,0.95,6.711653813,15665,17175,1.297581493,1234,male
m,0.95,0,0,0,0,38,male
m,0.75,82.83631922,203446,3802,1.426451613,2211,male
m,0.75,0.245079365,386,27,0.324324324,24,male
f,0.75,22.80629139,41325,6298,1.323529412,810,male
m,0.75,0.256084656,242,591,0.952380952,180,male
m,0.75,25.755,20604,5602,0.9,36,male
m,0.75,730.863876,2357036,0,2.562753036,1266,male
f,0.75,6.661560904,18266,21,0.403780069,235,male
m,0.95,0.028081123,18,26,0.066666667,2,female
m,0.75,1.791830322,2281,6995,3.168,396,female
m,0.95,0.495824635,475,161,0.159986859,487,male
m,0.75,14.26979706,35860,964,0.692518874,1009,male
f,0.75,0,0,0,0.071428571,1,female
f,0.75,0,0,0,0,0,male
f,0.75,0.020833333,1,0,0,0,female
f,0.95,6.233082707,12435,41021,0.800567108,847,female
m,0.75,19.49915469,46135,4268,1.617283951,1048,male
m,0.75,1.566494845,3039,2369,0.146482122,127,male
m,0.75,13.77504174,33005,12701,1.233846154,401,male
f,0.75,6.418949772,11246,273,2.715447154,334,female
m,0.75,128.6940133,232164,3,1.1568,723,female
m,0.75,42.602555,60027,0,2.163265306,106,male
f,0.95,0.4663909,451,162,0.207459207,534,female
m,0.75,36.11048794,64385,36682,2.273870783,3977,female
f,0.75,3.870515464,9386,3202,1.365384615,284,male
f,0.95,0.0078125,2,0,0,0,female
f,0.95,0.019586507,18,0,0.065217391,3,female
f,0.95,13.01530612,15306,7984,8.35,1002,female
f,0.95,3.854897661,10547,11708,1.776515152,469,female
m,0.75,0.391211147,1095,514,0.912749004,6873,male
f,0.95,0.092136855,307,91,0.405857741,97,female
m,0.75,13.80630631,27585,35074,1.189473684,452,female
f,0.75,19.51951952,45500,8473,4.333333333,338,male
f,0.95,13.54164398,24876,1,0.7,7,female
m,0.95,0.293292416,669,666,0.386138614,39,male
f,0.75,2.466911765,3355,5253,0.831168831,128,male
f,0.95,1.78739726,3262,113,0.66875,535,male
m,0.75,29.0984589,67974,26547,5.250481696,2725,male
f,0.75,16.76939811,46250,7501,1.215189873,480,male
m,0.75,28.1196465,41364,73166,1.156834532,1608,female
f,0.75,0.795252226,804,108,0.383697813,386,male
f,0.75,13.92503231,32320,6731,1.544036697,1683,male
m,0.95,0.366511146,707,553,1.125,27,male
m,0.95,2.883729174,8135,1359,1.001748252,1146,male
m,0.75,16.69911504,45288,16318,0.999028812,3086,male
m,0.95,3.926800472,6652,8044,0.36339918,975,male
f,0.95,2.752226988,8342,24,0.172413793,315,female
m,0.75,6.217986577,23162,803,1.73070632,11639,male
m,0.75,8.57120743,16611,5290,0.805225653,1356,female
m,0.95,5.196178779,15230,160,3.128712871,948,male
m,0.75,32.11212121,105970,2989,1.912234043,719,female
m,0.95,15.98627787,37280,6093,0.750123457,1519,male
m,0.95,4.519630485,11742,106,0.241480039,248,male
m,0.75,2.555697008,4015,9037,1.415525114,930,female
m,0.75,5.189399844,6658,7678,1.008978676,1798,male
m,0.95,3.089645079,8444,269,0.55493296,2773,male
f,0.95,2.209947644,4221,6473,0.571125265,269,female
f,0.75,0,0,371,0.835820896,56,female
m,0.95,77.91109785,261158,21,1.707142857,239,male
m,0.75,0.120242215,139,212,0.918604651,79,female
f,0.75,0.876319759,2905,1223,0.259212198,204,female
m,0.75,30.1876144,98955,2866,2.482298317,4277,male
m,0.95,52.28363123,111155,3500,1.198380567,296,male
m,0.95,0.927053418,3228,1098,1.134541985,1189,male
m,0.75,63.26116146,188455,443,1.325380502,3222,male
f,0.75,9.486272117,15548,3078,1.277456647,442,male
m,0.75,3.841496336,9961,1969,0.306122449,270,male
f,0.75,46.30992869,84423,15463,0.699739427,3491,female
m,0.75,1.001715266,2336,1372,0.917582418,334,male
f,0.75,13.20183853,33031,28801,1.067099567,493,female
m,0.95,0.316648531,582,1325,0.382022472,34,male
f,0.75,26.10721966,84979,6158,4.655737705,568,female
f,0.75,9.071764706,23133,1287,1.129810502,13534,female
f,0.75,45.3185563,115517,264,5.85883905,4441,male
m,0.95,7.166666667,18103,8029,1.34214619,863,female
f,0.75,2.190500774,4243,4113,1.510204082,222,female
m,0.75,9.602286049,32763,16520,2.074525745,1531,male
m,0.75,0.437421515,1045,1902,1.6875,108,female
m,0.95,2.247691016,5354,1120,0.664495114,204,male
f,0.95,29.68747382,70864,17475,1.893948846,3036,female
f,0.95,26.70342523,63928,14340,5.245579568,2670,female
f,0.95,0.074137342,217,1266,0.157480315,20,male
f,0.95,19.71705964,42648,18892,0.744067797,1317,female
m,0.75,43.79138514,103698,42938,1.14184953,1457,male
m,0.75,0.805107527,2396,11,17.52727273,964,female
m,0.75,8.93490099,36097,26046,1.599785982,2990,female
f,0.95,0.956887487,910,1131,0.978042086,1069,female
f,0.95,9.542393509,23522,3213,1.49143173,2698,female
m,0.75,0.035175879,7,0,0,3,female
f,0.95,3.616593886,8282,5555,1.195608782,599,female
m,0.75,3.76129666,3829,535,0.355742297,508,male
f,0.75,6.669849246,13273,16774,11.53846154,2400,male
m,0.75,0.002389486,2,4,0.45,18,male
m,0.95,63.53719434,246842,55365,22.4537246,9947,male
m,0.75,60.73379401,184570,12027,30.73341837,144570,male
f,0.95,2.243759178,1528,5662,0.247619048,26,female
f,0.95,48.29146275,177616,9180,12.1356493,14672,female
m,0.95,1.567432567,1569,462,0.618421053,94,male
f,0.75,0,0,0,0,0,female
f,0.75,0.456090652,1449,13414,1.194570136,264,female
m,0.95,1.114705882,1137,181,0.829931973,122,male
m,0.75,20.67156208,46449,44049,1.155440415,223,female
f,0.95,3.014840681,6907,622,1.4,539,female
m,0.95,76.52524302,244039,8,2.933090024,2411,male
f,0.95,0.892210145,985,18911,0.61299435,217,female
m,0.95,4.642378315,15928,3801,4.734956236,17311,male
f,0.75,28.61284459,94451,19922,1.443344334,2624,female
f,0.75,9.320394528,29294,224,1.054773083,674,male
f,0.75,0.511442063,1408,8,0.766233766,59,female
f,0.75,28.79140074,85712,25,1.860689655,1349,female
f,0.75,11.8622449,39525,721,0.772486772,438,female
f,0.75,3.710535527,10601,4302,1.214413768,3387,male
m,0.95,5.209677419,8721,5124,0.986326161,4905,male
m,0.75,0.787898936,1185,700,0.773333333,116,male
m,0.75,26.0333507,49958,884,2.404993065,1734,female
m,0.95,8.528539659,11505,0,0.274193548,187,male
f,0.75,12.84062343,25540,11492,0.413333333,310,male
m,0.95,5.25526075,5744,26,0.232753063,361,male
m,0.95,8.326077678,19508,3235,0.27561228,799,male
f,0.75,28.88838348,82563,6620,2.191111111,1479,female
m,0.95,7.765380206,20322,9896,1.233333333,666,female
f,0.75,9.522229595,14350,3134,2.8,420,male
m,0.95,4.543291139,8973,584,1.915,383,male
m,0.75,1.029335634,1193,960,11.66246057,3697,female
m,0.75,24.55719844,63112,70507,2.277624309,1649,female
f,0.95,39.37618637,45637,18075,1.001445087,693,female
m,0.75,53.12191958,122871,13150,1.139513109,1217,male
f,0.95,2.377184466,4897,2994,1.902439024,312,female
m,0.95,2.23913704,7369,29,0.547563805,236,male
m,0.95,1.408365828,3973,29989,13.87878788,458,male
f,0.75,1.76159373,2697,2360,1.064814815,115,female
f,0.95,0.168045113,447,478,0.165991903,41,female
m,0.95,7.32340588,19180,823,1.582089552,424,female
m,0.75,12.24201788,38342,24521,6.882191781,2512,female
f,0.95,7.509909166,18189,3678,335.25,1341,female
f,0.95,23.53948591,76009,14073,5.414201183,915,female
m,0.75,3.157723577,5826,1885,0.180803571,243,female
m,0.95,0.167671039,473,903,0.349090909,96,male
m,0.75,23.21360896,26951,7400,1.355297158,1049,male
f,0.75,0.724137931,21,19,1.185185185,32,female
f,0.95,0.355825959,965,336,0.390467461,426,female
m,0.75,47.68999114,53842,144,0.930361211,2859,male
m,0.95,4.615971654,16936,594,6.507681315,18215,male
f,0.75,34.05705059,94917,5233,16.16666667,5335,male
m,0.95,8.028677463,23797,5531,0.593663146,1068,male
m,0.95,7.779609544,17932,0,0.899835796,1644,male
m,0.95,14.62877132,33456,3392,2.652777778,1337,male
m,0.95,25.13647199,42179,12891,2.291946309,683,male
f,0.75,23.19299744,27159,146476,0.964082098,1691,female
m,0.95,9.985137409,35607,10044,0.539730135,1800,male
f,0.95,0.104402026,268,9700,8.935738444,7926,female
m,0.95,53.13176471,135486,15590,3.003931848,2292,male
f,0.95,2.3374613,3020,3360,0.826306914,490,female
f,0.95,11.61904762,13176,3983,0.764925373,1435,female
m,0.75,121.2669522,339790,20671,4.651442308,1935,female
m,0.95,6.390732624,10206,5017,1.997474747,791,male
m,0.95,13.43728928,39855,9893,1427.625,22842,male
m,0.95,2.868164063,2937,4055,0.274633124,131,male
m,0.75,5.884915475,9051,12155,1.349206349,595,female
f,0.75,8.057285181,25880,17497,0.931102362,1419,male
m,0.75,0.027586207,28,0,0.230769231,3,male
f,0.75,17.14384692,51963,42332,8.311068702,4355,female
f,0.95,1.824819712,6073,2234,0.870689655,101,female
f,0.95,32.25680934,74610,25674,1.011081442,15146,male
m,0.75,1.641486068,2651,345,0.498007968,250,female
f,0.75,13.32656944,42032,9518,1.04757085,1035,female
m,0.95,28.8492627,105646,34231,7.177925211,11901,male
f,0.75,0.003454231,2,0,0,0,female
m,0.75,20.78117207,33333,28062,1.888888889,527,female
m,0.95,0.48697138,1140,454,0.91202346,311,male
m,0.75,6.085619835,18409,3170,1.267736486,1501,female
f,0.75,23.77215878,87434,23143,2.23180593,828,female
m,0.75,10.40633534,19054,9797,1.304878049,428,male
f,0.75,2.060541914,4867,4114,1.619318182,285,male
m,0.95,0.515226337,1252,2054,1.005706134,705,male
m,0.75,0.483367983,465,13,1.484848485,98,male
f,0.75,13.0147541,15878,1625,0.721991701,174,female
m,0.95,0.004381161,4,6,0.575,23,male
f,0.75,1.268171976,4100,515,0.887096774,165,male
f,0.95,3.269296741,7624,1574,1.110447761,372,female
f,0.95,0.70527307,749,488,0.25477707,80,female
m,0.75,4.102415164,13419,540,0.910990009,1003,female
m,0.75,0.290704739,957,508,0.226544622,99,male
f,0.95,0.737323944,1047,711,0.463235294,63,female
f,0.75,0.001197605,2,0,0,0,male
f,0.75,6.468387097,10026,19167,1.828101644,1223,female
f,0.75,3.960855164,13154,7409,3.460490463,1270,female
m,0.75,1.548369265,5602,4420,1.010778443,1688,male
m,0.75,0.900800557,2588,1525,0.632653061,155,male
m,0.95,1.342728298,2382,12359,1.738035264,690,male
f,0.95,0.371607516,356,629,0.525210084,125,female
f,0.75,29.90075188,79536,6045,3.667351129,1786,female
m,0.75,28.37744767,42027,27025,1.124183007,688,female
f,0.75,24.42481598,23228,0,1.266666667,19,female
m,0.75,0,0,0,0,0,female
m,0.75,16.18526316,46128,1297,0.137075718,315,male
m,0.75,52.08732158,124072,18585,2.3307393,1797,male
m,0.75,9.368819081,32210,13309,1380.621898,945726,female
m,0.95,0.672095548,1238,2974,0.587301587,74,male
m,0.95,27.38307441,66979,50823,1.41440846,2140,male
f,0.75,2.39132734,4522,7600,1.670807453,269,female
m,0.75,33.97106383,119748,1401,11.28818078,88917,male
m,0.75,132.9255969,239399,111186,0.915609756,1877,male
m,0.95,9.782477341,32380,46,1.570707071,311,male
m,0.95,4.603421462,11840,12568,0.556741028,574,female
m,0.95,3.707226355,6977,4575,1.02359882,694,female
f,0.75,7.894043528,13783,4956,0.857847976,869,male
m,0.95,0.793897216,1483,7953,0.764705882,104,male
f,0.95,3.943835015,8988,3904,0.610849057,259,female
m,0.95,135.7080657,380254,21388,8.023797206,15510,male
m,0.95,20.17460805,65628,3024,6.410084034,3814,male
m,0.95,2.622945831,8619,9163,14.69962687,7879,male
m,0.75,1.469328942,3569,2163,2.487046632,960,male
m,0.75,25.04580812,28978,40760,0.592417062,375,male
f,0.95,0.005780347,6,2398,8.54887218,1137,male
m,0.75,11.08251058,15715,3021,1.911111111,430,female
f,0.75,5.953789279,3221,5694,1.054945055,192,female
m,0.75,6.893685052,8624,2040,0.727574751,219,male
m,0.95,13.72345079,56472,19083,27.59891599,20368,male
m,0.75,4.329471033,8594,23060,1.869402985,501,male
f,0.75,9.437445699,21725,92,1.640740741,886,male
f,0.95,0.015701668,16,35,0.327586207,38,female
m,0.75,0.126179987,401,318,0.588516746,123,female
f,0.75,84.7712766,159370,0,56,56,female
f,0.75,8.482978723,15948,0,0,6,female
m,0.75,1.817817244,6346,4346,0.862650602,358,male
m,0.95,1.797655068,4753,411,0.413758724,830,male
m,0.75,0.658049354,1680,7287,0.891920252,850,male
m,0.75,6.17253012,12808,5777,1.301710731,837,female
m,0.95,6.509819967,15910,13202,0.660005124,2576,male
f,0.75,66.21755337,195408,3271,2.572470374,5644,male
m,0.95,1.289943849,2527,2266,0.383944154,220,male
f,0.95,4.287713841,8271,2146,1.472782258,1461,female
f,0.95,6.139312407,20536,4352,1.589511544,13700,female
f,0.95,1.860083873,4879,8104,1.935714286,271,female
m,0.95,49.54118009,161207,50342,3.809137056,3752,male
m,0.75,84.125,158155,0,78,78,female
f,0.75,1.153423288,2308,17526,0.672945205,393,male
m,0.95,13.64535405,45671,5,44.17558887,20630,male
f,0.75,0.011600928,10,17,0,0,female
f,0.95,0.56084172,1839,397,1.977859779,536,female
f,0.95,4.647005988,15521,1106,1.395629672,2427,female
m,0.95,31.27547057,104679,3368,6.11752988,6142,male
f,0.75,1.682187731,4552,2295,0.645454545,355,female
m,0.95,1.825125209,4373,7279,1.690828402,1143,male
m,0.95,0.444948187,1374,608,0.490566038,78,male
f,0.75,0,0,0,0,0,female
f,0.75,7.370271868,24941,4625,1.095609756,1123,male
m,0.75,16.68229167,44842,1583,1.717741935,426,female
m,0.95,0.956766917,1018,0,0.141025641,11,male
f,0.95,5.422459893,2028,10175,0.57826087,133,female
m,0.95,4.661317568,5519,2328,0.511078287,692,male
m,0.95,2.975398475,8587,1111,1.014682748,3870,male
f,0.75,84.58882979,159027,0,0,48,male
m,0.95,5.970513287,16401,3,11.81102362,1500,male
f,0.75,3.32879538,8069,38942,0.205095541,161,female
m,0.95,8.843016069,21462,7176,2.33908046,814,male
m,0.95,31.30659898,30837,60379,1.032623169,1551,female
m,0.75,84.53829787,158932,0,0,61,female
f,0.95,2.516372796,6993,3539,0.210703751,500,female
m,0.95,2.269909394,4760,27897,1.611872146,353,male
f,0.75,11.1904277,21978,36137,1.708571429,897,female
m,0.75,23.74797844,35242,4,1.879518072,156,male
m,0.75,84.38510638,158644,0,0,67,female
m,0.75,0.267835178,871,277,0.41000878,467,male
m,0.95,0.05,162,180,0.38,19,male
f,0.75,9.29079616,16454,2206,2.215189873,350,female
m,0.95,46.2556655,144919,97458,4.521551724,2098,male
m,0.75,4.01119403,12900,7928,1.425925926,308,female
m,0.95,2.99431308,10004,261,0.364749082,298,male
f,0.75,84.59468085,159038,0,0,54,male
m,0.75,3.325026325,9473,146,8.06,403,male
m,0.75,3.10817942,9424,1601,30.89512195,12667,female
f,0.95,12.05080645,29886,13252,1.710227273,1204,female
m,0.75,0.587344511,1086,846,1.764705882,300,female
f,0.75,0.065886433,152,6792,0.988367994,2804,male
f,0.75,11.81444131,29288,2885,2.343675418,982,female
f,0.95,1.682421496,5197,6324,20.17196262,32376,female
m,0.75,4.00450197,7116,14170,4.690423163,2106,female
m,0.95,1.600253807,5044,1056,2.054982818,598,male
m,0.95,56.30852075,177766,457,3.881959911,1743,female
m,0.75,25.98783221,81160,111,0.199634814,328,male
f,0.75,4.858024691,8657,2051,2.467741935,306,female
m,0.95,26.77969613,77554,19606,1.008814103,1259,male
m,0.95,0.229704797,249,191,0.422077922,65,male
m,0.95,2.378319951,7701,1717,0.667902379,2162,male
f,0.75,0.336487286,569,58,1.070707071,106,male
m,0.95,7.302002452,17868,581,1.16781293,849,male
m,0.75,0,0,4,0.467741935,29,female
f,0.75,10.37150237,24093,3971,0.917139614,808,male
m,0.75,2.782726779,5123,746,9.208955224,617,female
m,0.95,0.251040666,784,6,1.411764706,96,male
f,0.75,14.57472661,47980,3537,1.532513181,872,female
f,0.95,1.390504705,3251,510,0.210268949,86,female
m,0.75,1.961059687,6144,8,0.532738095,179,male
m,0.95,15.88191781,57969,9,1.64010989,597,male
f,0.75,1.888855602,6305,774,0.75059952,626,female
m,0.75,0.027382256,25,3,0.124378109,25,male
f,0.75,4.072556762,8251,9216,0.779274611,752,female
m,0.95,4.749162279,9921,7819,2.005235602,766,female
m,0.75,1.687190764,3069,4533,0.299424184,156,female
m,0.75,10.94834931,20561,0,0.798387097,99,male
f,0.95,1.309015829,3804,626,0.45473251,221,female
f,0.95,1.813881521,4103,8666,0.656862745,67,female
m,0.75,5.270081843,17386,465,1.636963696,496,female
m,0.95,0.925971878,2239,1898,0.407665505,234,male
f,0.75,84.53386454,190962,24,3.02739726,221,male
f,0.95,14.27827715,38123,7542,85.03221649,131970,female
f,0.75,4.877227723,12315,2265,1.233751425,1082,female
f,0.95,18.39747235,58228,1680,1.267515924,398,female
m,0.75,3.995306324,16173,1719,0.960199005,386,male
m,0.95,6.323247454,21107,9207,3.661157025,443,male
m,0.75,0.792105263,301,704,0.790566038,419,female
m,0.95,1.410235581,1736,3703,2.072350543,6101,male
f,0.75,84.53386454,190962,24,3.02739726,221,male
m,0.75,37.49297495,61376,36707,2.249283668,1570,male
m,0.75,0.676348548,1630,125,0.758064516,47,male
m,0.75,5.972059486,13252,2308,1.003436426,292,male
m,0.75,4.126760563,9376,15099,0.473429952,196,male
f,0.75,0.106164384,31,178,0.141643059,50,male
m,0.75,0.21950367,628,8464,3.20625,513,male
f,0.75,0.569573808,2018,1034,0.606741573,54,female
m,0.75,6.538724374,17223,9238,1.585271318,818,male
f,0.75,1.587425595,4267,2681,0.559105431,175,female
m,0.95,21.72888597,66121,11169,0.725396825,457,male
f,0.95,0.191176471,429,392,0.707792208,109,female
m,0.95,3.402788244,9031,4061,0.125693161,68,male
m,0.95,31.89527845,105382,308,1.003350707,2695,male
m,0.95,0.447307692,1163,308,0.654901961,334,male
m,0.75,3.242632613,9903,27,1.496732026,458,female
m,0.75,9.317658349,9709,8259,1.343863913,1106,female
f,0.95,0.58477842,607,583,0.387254902,79,female
f,0.95,14.07181168,47225,7035,1.176751454,13555,female
f,0.95,24.5923149,52480,32375,0.748974569,913,female
f,0.95,1.231794872,1201,2892,0.776470588,198,female
m,0.75,23.12104222,70103,8879,1.64,451,male
m,0.75,17.95205479,20968,14894,1.312910284,600,female
m,0.75,4.242388759,10869,4077,1.806306306,802,female
m,0.95,0.077120823,120,538,0.684210526,195,male
f,0.95,16.64221364,25862,6419,5.586956522,2056,female
m,0.95,3.486872146,6109,1603,1.111111111,120,male
f,0.95,0.368322981,1186,185,1.240437158,454,female
m,0.75,6.221453287,21576,30659,0.965277778,973,male
m,0.75,7.85984583,11216,3231,2.636363636,464,male
m,0.75,178.8696054,580253,134181,4.629179331,1523,male
m,0.75,1.050748752,3789,2201,1124.094955,378820,male
f,0.95,7.720555307,17240,18919,0.582551595,621,female
m,0.75,7.058536585,17364,3128,0.968858131,280,male
m,0.95,5.789154889,20071,9518,94.26950355,53168,male
f,0.95,0.932570741,3098,17,3.241463415,1329,female
m,0.95,5.055837563,5976,4580,3.017241379,175,male
m,0.95,0.335961189,554,3828,1.154639175,224,male
f,0.75,11.74467213,28657,9213,2.479532164,1696,male
m,0.75,30.27790608,78662,13477,1.595895522,4277,male
f,0.95,53.13377926,190644,26159,1.691745283,7173,female
f,0.95,4.549318801,8348,1602,25.5,2754,female
m,0.95,16.81607565,35566,18741,0.913746631,339,male
m,0.95,9.629718876,23978,28449,1.02027027,5889,male
m,0.75,1.235856791,4522,541,0.726446281,879,male
m,0.75,31.36551979,84781,45,1.65129683,573,male
f,0.95,6.701690821,11098,7288,1.127272727,372,female
m,0.95,1.315724309,3188,3114,0.41980046,547,male
m,0.95,0.384803067,1104,0,0.315789474,12,male
m,0.75,0.004889976,18,22,4.565217391,105,male
m,0.75,4.955987718,4842,1676,1.00591716,170,female
m,0.95,0.778155835,2287,16,0.402597403,31,male
f,0.95,4.9448,6181,7094,1.80952381,304,female
m,0.95,1.809090909,6965,768,3.330120482,1382,male
m,0.95,5.805184285,14333,2148,0.845466156,662,male
m,0.75,46.05978603,146378,57882,3.188970326,116171,male
f,0.75,7.201978566,17472,6150,1.794536817,1511,female
f,0.75,21.34365604,70989,2655,0.937062937,134,female
m,0.95,5.225412015,9829,1424,0.393868613,1349,male
f,0.75,3.765706806,8631,2857,2.327828241,2819,male
m,0.95,5.944353519,14528,22248,1.089209856,1282,male
m,0.75,2.81509434,3730,3170,3.808,952,male
f,0.75,7.16034719,15674,544,1.185356812,1279,female
f,0.95,4.127385496,8651,1,1.62967581,1307,female
f,0.95,0.001672241,1,53,0.188328912,71,male
f,0.75,5.354309889,10125,3248,0.586191336,1299,female
m,0.95,0.190946024,658,1294,0.506147541,247,male
f,0.95,14.69315462,30694,25471,1.291044776,865,female
m,0.75,4.923700203,7292,710,1.593073593,368,female
m,0.75,34.20484359,101691,5336,1.308571429,458,male
f,0.75,5.441300191,14229,3687,0.925016589,1394,female
m,0.95,138.7923131,393615,382,7.302850356,12298,male
m,0.95,0.339480302,405,95,0.317757009,34,male
f,0.95,0.260527534,563,29,0.216049383,35,female
f,0.95,5.774985039,9650,28347,2.569148936,483,female
m,0.75,7.331377393,23739,1459,0.59223301,183,male
m,0.75,21.3177117,65957,3405,3.641304348,335,male
m,0.75,3.325026325,9473,146,8.06,403,male
f,0.75,19.30198622,47618,16876,2.814814815,1824,female
m,0.75,32.09298394,37966,1007,2.142857143,300,female
m,0.95,5.752884615,17949,1890,1.031746032,260,male
m,0.95,1.851799906,3961,105,3.077777778,1662,male
f,0.75,13.09423605,28624,10753,1.387222947,1064,female
m,0.75,0.563824989,1250,2194,0.544474394,202,female
m,0.75,7.194170596,16784,5739,0.786885246,144,male
m,0.75,11.51216594,28861,883,0.88224555,1933,male
f,0.75,0.352579853,861,17,4.527439024,1485,male
m,0.95,36.63210445,47695,44563,1.121064302,2528,male
f,0.75,0.002358491,2,0,0,0,female
m,0.75,11.20389557,27035,4066,1.091397849,609,male
m,0.75,1.70305225,3292,4034,1.056701031,205,male
f,0.75,197.1219512,363690,652,1.226737968,1147,female
m,0.75,21.0437659,41351,5476,1.168250419,2090,female
f,0.95,4.080236486,9662,785,13.52785924,4613,female
m,0.75,13.91346454,44537,8504,1.363529412,1159,female
m,0.75,15.67374166,51692,441,1.112551867,2145,female
m,0.75,6.700453858,22145,2834,0.544631307,421,female
f,0.75,21.78436318,51825,125469,4.168769716,2643,female
m,0.75,4.968794835,13853,51,1.174603175,444,male
f,0.95,11.55057299,23182,21202,1.625,299,female
f,0.75,0.06037001,62,7,0.008064516,3,male
f,0.75,8.347910593,17180,16454,1.817708333,349,female
m,0.75,2.016717994,4584,2245,0.912280702,416,male
m,0.75,11.03622251,25593,23358,1.077777778,679,female
m,0.95,0.811650485,1672,0,0.875,7,male
m,0.75,9.638455538,24713,1447,0.714628297,1490,male
f,0.75,19.22342733,17724,3,1.051020408,103,female
f,0.75,1.751305745,4359,18501,0.668845316,614,female
f,0.75,6.935269208,11464,880,1.44047619,2178,male
m,0.75,4.970198675,16511,7242,0.275894539,293,female
m,0.95,16.61380542,55839,217,6.992721391,17293,male
m,0.75,15.39202408,40912,5786,0.785154449,1703,male
m,0.95,0.574698029,1808,2452,0.466216216,69,male
m,0.95,13.83519702,51965,4310,2.199603764,4441,male
m,0.75,3.781003937,7683,10937,2.631355932,621,female
f,0.75,16.96748971,41231,2915,3.284771127,7463,female
m,0.75,4.492318436,12866,14936,1.922279793,742,female
m,0.95,4.985898942,12729,4400,1.770631068,1459,female
f,0.75,1.186239193,3293,1835,0.8,196,male
f,0.75,2.625925926,7090,1138,0.769547325,374,male
f,0.75,7.92E-04,1,2,0.130434783,3,female
f,0.95,11.87260849,25443,15167,1.284518828,614,female
f,0.75,5.950552486,21541,8571,3.698564593,773,male
m,0.95,99.76014537,329408,9925,1.211300086,4202,male
m,0.75,15.71995005,50351,41721,4.124409449,2619,male
f,0.75,21.91580756,38265,2,0.75,177,male
f,0.95,3.151563753,3930,1630,1.19123506,897,female
m,0.75,49.7159008,136321,106208,24.91754386,14203,male
m,0.95,4.387263863,14399,2621,2.443661972,1041,male
m,0.95,11.03939158,28305,169,2.88261851,1277,male
f,0.75,0.040909091,45,811,1,20,female
m,0.75,37.21491455,71862,1224,0.923973881,3962,female
f,0.95,0.344689379,516,159,0.425531915,100,female
f,0.75,1.798090692,3767,3812,0.906432749,310,female
m,0.75,7.485785953,17906,1602,4.031707317,1653,male
m,0.75,4.950665188,8931,1646,0.824096386,342,male
f,0.75,25.16035857,25261,33219,0.622144112,354,male
m,0.75,0.333250125,1335,482,0.622641509,66,male
m,0.75,11.92089493,29838,8202,1.544412607,539,female
f,0.95,1.86339381,1746,1674,0.923076923,48,female
m,0.75,14.8744898,29154,14953,1.94980695,1010,male
f,0.75,1.096267191,1674,1338,0.68115942,141,female
m,0.95,50.59321416,138676,12,0.745926373,1236,male
m,0.75,60.00700431,111373,77153,0.254885993,313,male
f,0.75,23.61878807,73667,789,1.927852349,1149,female
m,0.95,3.63801602,11809,4451,2.201128784,4290,male
f,0.95,8.333333333,26450,131,0.491114701,304,female
m,0.75,2.280939476,7575,1008,7.583166333,7568,female
m,0.95,0.281467426,890,354,0.504012841,314,male
m,0.75,0.152700186,246,108,0.063414634,13,male
f,0.95,26.89574468,63205,35964,1.336679537,1731,female
f,0.75,0.008083141,7,1,0.25,2,female
m,0.75,0.65973535,698,117,0.804597701,70,female
m,0.75,5.053106212,10086,13371,1.116766467,373,male
m,0.75,11.58973398,30933,25386,0.795348837,171,male
m,0.75,2.189760115,6116,713,0.973799127,223,male
f,0.95,5.184263618,7709,4070,1.215610048,4065,female
m,0.75,18.86653287,37601,21104,3.97382199,759,male
f,0.95,4.671161375,10739,2724,0.407830343,250,female
f,0.75,1.482088025,1448,2484,0.491525424,29,male
f,0.75,15.01160381,36223,7566,0.31738149,703,male
f,0.75,1.741305068,5257,981,2.964566929,3765,male
m,0.95,7.461158509,16616,9154,0.802,401,male
m,0.75,35.4948037,61477,36586,1.114442779,2230,female
m,0.75,3.443670886,5441,15523,11.79545455,1038,male
m,0.75,1.517135863,2479,128,0.75,30,female
m,0.95,0.984016678,1416,628,0.312252964,79,male
m,0.95,0.030008453,71,1531,1.224137931,710,male
m,0.95,7.05813449,16269,25850,1.080291971,2072,male
m,0.75,2.812128923,6631,1977,2.418604651,208,male
m,0.75,0.138984107,446,60,0.40960452,290,male
m,0.95,2.601297765,3608,3845,1.617021277,228,female
f,0.75,3.101105199,7576,8973,1.199052133,253,female
m,0.95,132.6533776,359358,0,0.911673648,5006,male
m,0.75,0,0,0,0,2,male
m,0.95,0,0,1,0,0,male
m,0.95,1.360461285,4129,2273,19.85553822,63637,male
m,0.75,2.051712993,6348,259,0.650406504,80,male
f,0.75,39.47043011,88098,12232,1.612001209,21330,female
m,0.95,37.49853372,89509,6077,22.61538462,3528,male
m,0.95,7.43001261,17676,12764,1.04787234,394,male
f,0.95,0.966412214,1266,374,2.113459399,1900,female
m,0.95,10.32119914,9640,3942,0.964577657,354,male
f,0.95,3.665467626,6114,21211,1.528784648,717,female
m,0.75,0.010123735,9,1,0.047619048,1,female
m,0.75,69.34062969,231251,7660,2.345360825,2730,female
f,0.75,4.999206979,6304,3736,1.234756098,405,female
m,0.95,5.044591745,16743,22732,1.271878646,1090,male
m,0.95,0.020833333,41,121,1.642857143,23,male
m,0.75,6.970495258,13230,10,0.129753915,58,male
f,0.95,13.31340734,31180,10165,1.814732143,813,female
m,0.75,7.271812081,10835,13735,2.201834862,240,female
f,0.75,5.43E-04,1,0,0.129032258,4,female
f,0.95,5.851975515,10516,5088,4.14953271,444,female
f,0.95,6.843432443,18183,337,1.634801289,1522,female
m,0.95,0.291851852,985,115,0.528384279,242,male
m,0.95,2.469905286,8084,2,3.790697674,326,male
m,0.75,3.664909639,9734,4005,0.961672474,276,female
f,0.95,5.481585082,11758,15759,1.851351351,411,female
m,0.95,0.005464481,7,1897,0.244541485,56,male
m,0.75,16.35451761,42718,2753,0.581691036,915,male
m,0.75,15.14738394,41110,6517,1.513178295,976,male
m,0.75,24.92475248,62935,7043,0.916155419,448,female
f,0.75,10.81401384,12501,1923,0.737752161,256,female
f,0.95,34.70033784,102713,125223,15.69829684,12904,female
f,0.75,9.845303867,19602,5339,11.78873239,1674,female
f,0.75,13.69164265,19004,6310,1.603508772,457,female
m,0.95,9.521409214,17567,14990,1.384920635,698,female
m,0.75,2.948028674,4935,1454,2.74537037,593,male
f,0.75,80.75740741,130827,6912,1.461368653,662,female
m,0.95,0,0,9,0.466666667,14,male
f,0.75,22.1784157,61035,36,0.407291667,782,female
f,0.75,0.230347349,252,3784,0.15862069,69,female
f,0.75,0.782178218,790,2526,1.227272727,54,female
f,0.95,18.32165899,59637,13702,1.524390244,750,female
f,0.75,1.61453202,3933,2250,3.885714286,136,male
f,0.95,10.29086276,28269,341,0.646464646,192,female
f,0.95,35.55009174,96874,38298,1.27176781,964,female
m,0.75,4.57456446,13129,13269,1.99154334,942,male
m,0.95,16.75284943,55854,16927,1.186108979,3091,male
f,0.95,8.172764228,24126,2425,1.173431734,636,female
m,0.75,3.127069133,6423,7068,1.706638116,1594,male
m,0.75,23.66317907,58803,0,1.949318219,71193,male
f,0.75,25.61811877,59101,18285,104.0526316,35586,female
m,0.75,42.01025822,118763,1826,1.419019316,955,male
m,0.95,0.009581882,11,856,166.2957746,35421,male
m,0.75,2.818818381,6441,4374,1.32123412,728,male
m,0.75,1.530269058,4095,8688,0.946188341,211,male
f,0.75,105.9496318,359699,15853,1.747527632,3004,male
m,0.95,12.25916795,39781,1,0.566462168,554,male
f,0.75,12.3884321,43694,4618,6.678451178,3967,female
f,0.95,3.807043287,5189,52203,6.684210526,1016,female
f,0.75,12.13714286,14868,20900,0.912621359,94,female
m,0.95,0.642577031,1147,35,0.203703704,11,male
m,0.75,121.8364215,420823,18,9.208215297,6501,male
m,0.75,5.075208914,7288,5717,1.598192276,1945,male
m,0.95,13.24571667,31697,4797,0.910265789,7466,male
f,0.75,2.841520468,4859,2238,0.567695962,239,female
m,0.75,0.002361275,4,49,22.81818182,251,female
f,0.95,8.570130383,21691,13260,1.070149254,717,female
m,0.75,2.82576229,4541,3352,1.28990228,396,female
m,0.75,43.3252924,59269,21164,2.10770235,3229,male
m,0.75,0.154166667,148,109,1.137254902,58,male
m,0.75,45.0174538,87694,142464,2.29590708,4151,male
m,0.75,1.949455206,6441,60,0.394052045,106,female
m,0.95,0.968181818,1491,1336,1.366197183,194,male
f,0.75,7.099029126,21936,8333,1.023655914,476,male
m,0.75,3.957119741,9782,1538,2.521126761,895,male
f,0.75,2.96309631,9876,1633,0.477941176,390,male
m,0.75,1.449925262,3880,7128,0.157953281,142,male
m,0.95,45.78793419,75138,1300,13.19298246,752,male
m,0.75,7.176800748,7672,913,0.177091478,453,male
f,0.75,7.938709677,14766,10379,8.028938907,2497,female
m,0.75,0.571684588,957,991,1.662857143,873,female
m,0.75,36.66686321,124374,79692,34.34136546,17102,female
m,0.75,18.44995045,37232,8332,1.265129683,439,male
f,0.95,0.292770009,984,123,0.283236994,49,female
m,0.75,1.317564948,3398,566,2.097902098,600,female
f,0.75,0.061285501,41,1,1.88372093,81,male
m,0.75,2.820375335,6312,294,0.579387187,208,male
m,0.95,20.31277533,50721,16392,0.614799447,1778,male
m,0.75,49.1846729,131569,12657,11.36163982,7760,female
m,0.75,3.443708609,6240,3133,0.471849866,352,male
m,0.75,7.460084034,24857,22333,1.324074074,286,female
f,0.95,3.404191617,7959,4730,0.684745763,404,female
f,0.75,8.060443764,10535,0,2.053344623,4850,female
f,0.95,6.052749719,16179,4193,1.658258747,2038,male
m,0.75,8.967255335,24373,132,1.548672566,700,male
m,0.75,8.175847458,7718,4789,0.207407407,28,male
m,0.75,21.60952786,50804,4645,0.524344569,560,male
m,0.95,199.4034843,286144,62779,1.033066554,9810,male
m,0.75,25.2593275,54838,50799,1.066449511,3274,female
m,0.75,291.5268817,325344,34,1.044678363,4466,female
m,0.75,12.62108037,47897,1410,31.45153061,12329,male
f,0.75,0.293219304,480,283,1.551724138,45,female
m,0.95,10.90032924,36418,17953,0.517269076,1288,male
m,0.95,2.027906977,3488,77,0.797619048,67,male
f,0.75,30.09205231,59823,7145,2.833333333,561,female
m,0.75,5.956223456,18232,856,1.225,343,male
f,0.75,10.59742206,35353,17478,0.322880372,556,male
f,0.95,7.111977321,10035,3785,1.951612903,121,female
m,0.95,29.97450876,56442,1663,1.085612366,913,male
f,0.75,29.394003,98029,399,0.177483974,886,female
m,0.95,9.994954591,9905,15912,0.840720502,4154,male
m,0.95,0.95562701,1486,4013,0.220113852,116,male
m,0.95,3.256767516,8181,1466,7.636281588,8461,male
f,0.95,2.728029602,8847,12806,0.69266055,302,female
m,0.95,2.918709677,6786,180,0.082788671,38,male
m,0.75,32.96950797,95150,22196,1.067814855,992,male
f,0.75,8.88028169,12610,445,1.751256281,697,male
m,0.95,129.7037037,199614,46967,1.154211151,6811,male
m,0.75,30.03141971,77421,5578,1.703324808,666,male
f,0.75,14.56852159,35081,38441,1.675324675,1290,female
f,0.95,1.578133333,2959,144,0.857142857,36,female
f,0.75,55.77070828,92914,153753,1.998313659,1185,male
m,0.95,2.819921705,6483,7763,2.117977528,377,male
f,0.95,1.991015274,6648,288,2.396270396,1028,female
m,0.95,7.047195622,10303,9917,0.696202532,1155,male
m,0.75,15.08802178,16627,27462,0.342105263,182,female
m,0.75,0.242400316,614,230,0.965517241,56,male
m,0.75,0.725735755,2318,532,0.485875706,86,male
f,0.95,1.583506996,5319,367,2.6,663,female
m,0.95,20.53303965,37288,13093,0.822660099,501,male
m,0.75,66.96532334,142904,5922,2.941919192,1165,male
m,0.75,52.57913931,72086,59719,2.403614458,1995,male
f,0.95,1.820957668,5248,494,0.277945619,92,female
m,0.95,0.967702866,2397,14,1.714285714,96,male
m,0.95,7.615918803,14257,2720,1.307692308,391,female
f,0.75,23.39019608,23858,4961,1.643243243,304,female
m,0.95,42.74810893,113026,62,2.107266436,609,male
f,0.95,0.631924615,2213,94,1.153696498,593,female
f,0.75,0.796982167,2324,6707,1.037313433,139,female
f,0.75,60.79576923,158069,10157,24,7032,male
f,0.75,19.2782906,56389,4279,4.014379085,3071,female
f,0.95,0.569327731,1084,630,0.114754098,28,female
f,0.75,58.52238806,137235,2376,1.135758363,3497,male
f,0.95,16.73942811,41564,20198,0.724852071,490,female
m,0.75,46.7440273,82176,16600,2.171073095,1396,female
m,0.75,0.851111111,1915,90,0.742957746,211,male
f,0.95,2.525147929,3414,1109,8.836363636,486,female
f,0.75,1.174023769,2766,5009,1.228070175,210,male
m,0.75,13.76205288,44245,15753,1.523243243,1409,female
f,0.95,0.45105673,811,2457,0.768558952,176,female
m,0.75,0.134589502,200,48,0.084985836,30,male
m,0.95,135.9217759,321455,26,11.98984772,2362,male
m,0.95,1.255894373,3995,829,0.711340206,138,male
f,0.95,14.03208556,31488,56,0.197619048,83,female
m,0.75,6.401666667,15364,444,1.424242424,846,female
m,0.75,0.085876508,121,82,0.642105263,61,male
m,0.75,0.82688172,769,711,0.411111111,37,female
f,0.95,1.647041153,5483,50704,10.7910859,66581,female
f,0.95,1.264716772,3416,3308,1.251121076,279,female
m,0.95,4.512677267,10501,47641,0.465962767,1677,male
f,0.75,5.21976593,8028,153,0.811946903,367,female
m,0.75,10.27768371,30350,3088,1.45620438,399,male
m,0.75,50.00189484,105554,120798,4.439914163,2069,male
m,0.75,13.0518732,18116,3058,1.591549296,1243,male
m,0.75,20.38344227,28068,19355,1.185678601,7120,female
m,0.75,81.27165143,151084,158670,1.475979772,2335,male
f,0.75,3.924788468,12524,1937,2.459016393,150,female
f,0.95,1.87254902,2101,34561,729.5555556,6566,female
f,0.75,14.77470629,21379,82,4.831578947,918,female
m,0.95,2.640654032,7106,9952,1.872127872,1874,male
m,0.75,11.37849162,24441,18672,56.26160338,440022,male
f,0.75,9.291404612,8864,1206,13.51689189,4001,female
f,0.75,9.742371815,30971,242,0.823943662,351,female
f,0.75,29.40067829,60683,21809,4.375,420,female
m,0.75,0.514922813,1501,4,0.515316542,757,male
f,0.75,3.115321923,7645,5850,1.3984375,537,female
m,0.75,26.24334601,62118,6522,4.673640167,2234,male
m,0.95,1.474690664,5244,1015,0.450811843,472,male
f,0.75,13.42875932,30631,982,2.814720812,1109,female
m,0.95,3.737724084,9591,4426,2.316810345,1075,male
m,0.95,3.847571942,8557,118,0.211150132,481,male
m,0.75,5.580152672,13158,2322,1.284172662,1071,male
f,0.95,27.22042341,65574,16077,23.77777778,856,female
m,0.75,133.7927928,297020,8972,5.896443515,5637,female
m,0.95,0.41598916,614,117,1.052083333,202,male
f,0.75,40.69895917,101666,23880,1.012969283,1484,male
m,0.75,2.241003931,7411,46,0.668965517,679,male
f,0.75,9.013986014,18046,16896,2.158385093,695,female
m,0.75,149.3730862,185372,1,0,24,male
m,0.95,0.173932997,379,55,0.85,17,male
m,0.95,57.43706149,139170,22286,1.061728395,2924,male
m,0.95,3.985594796,8577,12156,0.957928803,296,male
f,0.95,132.1926842,256586,50788,125.5319149,5900,female
m,0.95,5.144914491,17148,205,2.537749288,3563,male
m,0.75,30.37874837,46601,28955,0.766505636,2380,female
f,0.75,1.487252125,1050,277,0.952380952,20,female
m,0.75,12.09465021,29390,34144,1.797695262,1404,male
f,0.95,5.600433302,18095,1015,1.818181818,880,female
m,0.95,17.56149441,64398,1126,4.275559105,5353,female
m,0.95,63.1773494,131093,29611,0.706323185,1508,male
f,0.75,9.011698643,19258,9503,1.105839416,303,female
m,0.75,15.40843421,39461,49454,1.283985102,1379,male
m,0.75,0.595038168,1559,232,0.41796875,107,male
f,0.95,32.73965232,79099,5299,1.324291742,2197,male
m,0.75,26.07024496,72371,21716,0.946284691,2114,male
f,0.75,3.440140845,977,1309,0.235955056,21,female
m,0.95,29.51321928,94885,78148,1.418001526,5577,male
f,0.95,35.83033671,109605,25663,1.426111908,994,male
m,0.75,6.513381995,10708,4039,0.73441503,860,female
m,0.95,34.30112283,100811,7,0.657024793,636,male
m,0.75,2.610349127,8374,4048,2.925925926,2449,male
m,0.75,34.69253188,95231,1531,1.582568807,690,female
f,0.75,2.59517846,8289,2862,0.643137255,164,female
m,0.75,2.475459199,8221,23,0.132653061,143,male
m,0.75,26.06110602,85298,0,2.389937107,1520,male
m,0.95,0.261950287,274,78,0.212121212,42,male
m,0.95,0.567955112,911,16,0.194736842,37,male
m,0.75,3.448459384,12311,12718,0.600162536,1477,male
m,0.75,7.274715661,8315,952,6.274336283,709,female
f,0.95,5.400729705,17763,1842,0.91109884,3300,female
m,0.75,13.85887586,34273,40672,0.772626932,700,female
m,0.95,7.314423077,15214,4941,1.045454545,506,male
f,0.95,5.537112561,13577,18329,1.823361823,640,female
f,0.95,0.058871627,216,261,463.625,7418,male
f,0.95,1.998355263,3645,15046,0.275268817,256,female
m,0.75,0.195024077,486,424,0.316793893,83,male
f,0.95,1.655462185,3152,2639,10.98500882,12457,female
m,0.75,119.7875181,412668,21851,0.910104908,30190,male
m,0.75,0.606712565,705,9751,0.696969697,138,male
m,0.95,3.362084456,3742,128,0.104490138,249,male
m,0.95,13.46605037,42243,64503,0.922425952,654,male
m,0.95,3.230039768,10559,11119,0.833922261,236,female
f,0.75,8.253736921,22087,19693,2.059936909,653,female
m,0.95,8.522088353,27586,1634,7.263157895,276,male
f,0.75,0,0,0,0.717948718,28,female
m,0.95,12.22028649,31565,52,0.372002592,1148,male
m,0.75,0.098221504,243,53,0.391304348,18,male
f,0.95,18.40135766,43372,961,0.46935867,988,female
m,0.75,83.07446809,156180,0,0,30,male
m,0.95,0.292697466,982,412,0.478325859,320,male
f,0.95,10.4792176,34288,13231,3.120879121,852,female
f,0.75,16.44573171,53942,23906,0.576375246,2347,female
m,0.75,70.46858441,186178,30042,1.337925327,27485,male
f,0.75,4.402357765,8589,7546,2.046954315,1613,female
m,0.75,9.084024896,8757,3251,0.985024958,592,male
m,0.75,3.217964439,10497,2209,0.841121495,90,male
m,0.95,0.197763578,619,65,0.378912685,230,male
f,0.75,6.097442681,13829,64745,1.962343096,469,female
f,0.95,12.11357074,25172,19120,2.30952381,679,female
f,0.75,3.542914172,8875,4716,1.033269962,1087,male
f,0.75,0.614887961,1619,797,0.51754386,118,female
f,0.75,18.17258883,46540,4016,1.640642939,1429,male
m,0.75,2.580738178,4475,6770,1.670940171,782,female
m,0.95,8.641202904,24999,3693,1.068535826,343,male
f,0.75,8.579586877,14122,5118,2.26119403,909,female
f,0.95,13.19763396,18965,12609,1.915178571,429,female
m,0.75,9.873611111,28436,26822,1.633736822,4184,male
m,0.75,5.330764488,17293,49,0.904534606,1895,female
f,0.95,5.689072165,13796,31667,1.44,540,female
m,0.75,26.98133803,76627,42026,1.224474474,1631,female
f,0.75,0.857096141,2621,361,0.902439024,111,male
m,0.95,1.671928196,5402,5357,0.08084449,157,male
m,0.75,0.736955584,1709,0,0.760098928,922,female
m,0.75,3.647989155,8073,1312,1.241050119,520,male
f,0.95,18.05815279,31674,9694,5.235294118,1869,female
f,0.95,13.65054945,37266,48561,4.09122807,2332,female
m,0.95,20.34078014,57361,70263,0.751322751,284,male
f,0.75,2.667621777,4655,5514,1.231678487,521,female
f,0.75,46.48425532,109238,17527,0.546878263,2619,female
m,0.75,43.48105548,64265,0,19.33333333,58,male
f,0.75,5.10328415,10722,3751,1.818414322,711,female
f,0.75,50.21345708,108210,4737,2.457309942,2101,female
m,0.75,6.681559708,16450,420,0.621077184,2929,male
m,0.95,122.4242868,334708,1454,0.985880399,1187,male
m,0.95,4.327516234,10663,3806,71.37681159,4925,male
f,0.75,0.142069413,438,283,0.737623762,298,male
m,0.95,1.353864377,4572,1641,0.604129264,673,male
m,0.75,16.07145662,40934,561,1.272590361,845,female
f,0.75,5.330967742,8263,408,0.590425532,333,male
f,0.75,2.438284839,7961,3769,0.226012793,106,female
m,0.75,80.98454405,157191,7247,1.492870722,3141,female
f,0.95,22.0538514,64706,33716,64.22751323,12139,female
f,0.95,0.560934891,672,40,12.65517241,367,female
f,0.95,4.044730392,13202,304,0.136487716,150,female
